{"id":"50.adeae4bd-e860-48f8-8f12-9436f7840773/2064.91e0f284-0db5-4f27-994d-d0f601dabca4","localeLanguage":"hu","localeCountry":"","localeVariant":"","localeDisplayName":"CSResource","resourceBundleKey":[{"id":null,"key":"CS_Add","value":"Add"},{"id":null,"key":"CS_BatchContent_AutomationDocType","value":"Automation document type"},{"id":null,"key":"CS_BatchContent_AutomationDocType_Help","value":"The document type to be used when adding or modifying batch documents. If not specified, the value defaults to DbaCaptureBase."},{"id":null,"key":"CS_BatchContent_OnDocumentCheckedOut","value":"On document checked out"},{"id":null,"key":"CS_BatchContent_OnDocumentCheckedOut_Help","value":"An event that is fired when the document has been checked out."},{"id":null,"key":"CS_BatchContent_OnGetProperties","value":"On get properties"},{"id":null,"key":"CS_BatchContent_OnGetProperties_Help","value":"An event that is fired when the properties have been retrieved."},{"id":null,"key":"CS_BatchContent_OnResubmitBatch","value":"On resubmit batch"},{"id":null,"key":"CS_BatchContent_OnResubmitBatch_Help","value":"An event that is fired when the batch has been resubmitted for processing successfully."},{"id":null,"key":"CS_BatchContent_OnRollbackBatch","value":"On rollback batch"},{"id":null,"key":"CS_BatchContent_OnRollbackBatch_Help","value":"An event that is fired when the batch has been rolled back successfully."},{"id":null,"key":"CS_BatchContent_OnSaveBatch","value":"On save batch"},{"id":null,"key":"CS_BatchContent_OnSaveBatch_Help","value":"An event that is fired when the batch has been saved."},{"id":null,"key":"CS_BatchContent_OnSearchResults","value":"On search results"},{"id":null,"key":"CS_BatchContent_OnSearchResults_Help","value":"An event that is fired when the search results have returned successfully."},{"id":null,"key":"CS_BatchContent_OnUpdateBatch","value":"On update batch"},{"id":null,"key":"CS_BatchContent_OnUpdateBatch_Help","value":"An event that is fired when the batch has been updated."},{"id":null,"key":"CS_BatchContent_OnUpdateProperties","value":"On update properties"},{"id":null,"key":"CS_BatchContent_OnUpdateProperties_Help","value":"An event that is fired when the properties have been updated."},{"id":null,"key":"CS_Cancel","value":"Cancel"},{"id":null,"key":"CS_Class_Selector_Svc_Error","value":"Szolgáltatáshiba"},{"id":null,"key":"CS_Class_Selector_Svc_Error_Help","value":"Akkor aktiválódik, amikor a hívó szolgáltatás hibát ad vissza."},{"id":null,"key":"CS_ContentListFilter_Cancel","value":"Cancel"},{"id":null,"key":"CS_ContentListFilter_Filter","value":"Filter"},{"id":null,"key":"CS_ContentListFilter_OnCanceFilter","value":"On cancel"},{"id":null,"key":"CS_ContentListFilter_OnCancelFilter_Help","value":"An event that is fired when the cancel button is clicked."},{"id":null,"key":"CS_ContentListFilter_OnFilter","value":"On filter"},{"id":null,"key":"CS_ContentListFilter_OnFilter_Help","value":"An event that is fired when the filter button is clicked."},{"id":null,"key":"CS_ContentListFilter_TypeName","value":"Type name"},{"id":null,"key":"CS_ContentListFilter_TypeName_Help","value":"Search object type."},{"id":null,"key":"CS_ContentList_AcceptFileTypes","value":"Accepted file types"},{"id":null,"key":"CS_ContentList_AcceptFileTypes_Help","value":"Specify the file type extensions that are allowed when adding new documents (for example, .dotx, .pdf, etc). When not specified, all file types are accepted."},{"id":null,"key":"CS_ContentList_Actions","value":"Műveletek"},{"id":null,"key":"CS_ContentList_AddButton","value":"Hozzáadás"},{"id":null,"key":"CS_ContentList_Advanced","value":"Részletes"},{"id":null,"key":"CS_ContentList_Behavior","value":"Viselkedés"},{"id":null,"key":"CS_ContentList_Columns","value":"Oszlopok"},{"id":null,"key":"CS_ContentList_Columns_Help","value":"A listában megjeleníteni kívánt oszlopok. Akkor állítsa be, ha saját egyéni oszloptulajdonságokat szeretne; egyébként az alapértelmezett készlet kerül felhasználásra."},{"id":null,"key":"CS_ContentList_ConfigurationProperty","value":"Konfigurációs tulajdonság"},{"id":null,"key":"CS_ContentList_ConfigurationProperty_Help","value":"Olyan tulajdonság neve, amelyben a konfigurációs adatok JSON formátumban kerülnek tárolásra."},{"id":null,"key":"CS_ContentList_ConfigurationValues","value":"Konfigurációs értékek"},{"id":null,"key":"CS_ContentList_ContentItems","value":"Tartalomelemek"},{"id":null,"key":"CS_ContentList_ContentItems_Help","value":"A megjelenítendő CSDocument objektumok listája. Az azonosító tulajdonság csak a dokumentumobjektumok esetén kötelező tulajdonság."},{"id":null,"key":"CS_ContentList_ControllerProperty","value":"Controller document property"},{"id":null,"key":"CS_ContentList_ControllerProperty_Help","value":"Name of the object value property in the document class that links to the batch controller."},{"id":null,"key":"CS_ContentList_DisableDnDAdd_Help","value":"Jelölje be ezt a beállítást a húzással történő dokumentumhozzáadás letiltásához."},{"id":null,"key":"CS_ContentList_DisabledValues","value":"Tiltott értékek"},{"id":null,"key":"CS_ContentList_DisabledValues_Help","value":"Adja meg azokat a tulajdonságértékeket, amelyek esetén az elemek műveletei le lesznek tiltva."},{"id":null,"key":"CS_ContentList_DisplayProgressIndicator","value":"Folyamatjelző megjelenítése dokumentumok hozzáadásakor"},{"id":null,"key":"CS_ContentList_DisplayProgressIndicator_Help","value":"Jelölje be ezt a beállítást, ha dokumentumok hozzáadásakor folyamatjelzőt kíván megjeleníteni."},{"id":null,"key":"CS_ContentList_EnableSearchFilter","value":"Enable search filter"},{"id":null,"key":"CS_ContentList_EnableSearchFilter_Help","value":"Displays the search filter component for specifying multiple search parameters to query against and display the results in the list view."},{"id":null,"key":"CS_ContentList_Enable_Polling","value":"Dokumentumállapot lekérdezésének engedélyezése"},{"id":null,"key":"CS_ContentList_Enable_Polling_Help","value":"Ha be van állítva, akkor a lekérdezés a hozzáadott dokumentumok állapotát frissíti."},{"id":null,"key":"CS_ContentList_ExtraProperties","value":"Extra properties"},{"id":null,"key":"CS_ContentList_ExtraProperties_Help","value":"Specify additional properties that you want returned with the items in the results set."},{"id":null,"key":"CS_ContentList_Filter_Help","value":"=The property values are combined with an AND operator in the search filter."},{"id":null,"key":"CS_ContentList_Folder","value":"Mappa"},{"id":null,"key":"CS_ContentList_FolderId","value":"Mappaazonosító"},{"id":null,"key":"CS_ContentList_FolderId_Help","value":"Állítsa be a mappaazonosítót vagy útvonalat a tartalomlista inicializálásához a megadott mappatartalommal. A mappaazonosító beállítása elsőbbséget élvez a keresési beállításokkal szemben."},{"id":null,"key":"CS_ContentList_Height_Help","value":"The height of the content list view window."},{"id":null,"key":"CS_ContentList_HideAction_Help","value":"Jelölje be a művelet beállítást, ha el kívánja távolítani a műveletet a legördülő menüből."},{"id":null,"key":"CS_ContentList_HideAddDialog","value":"Hozzáadás párbeszédablak elrejtése dokumentumok hozzáadásakor"},{"id":null,"key":"CS_ContentList_HideAddDialog_Help","value":"Ha ez a beállítás be van jelölve, és egyetlen dokumentumtípus van beállítva, akkor a dokumentumok hozzáadása a Dokumentum hozzáadása párbeszédablak megjelenítése nélkül történik."},{"id":null,"key":"CS_ContentList_HideAddDocument","value":"Dokumentum hozzáadása lehetőség elrejtése"},{"id":null,"key":"CS_ContentList_HideAddFolder","value":"Mappa hozzáadása lehetőség elrejtése"},{"id":null,"key":"CS_ContentList_HideCancelCheckoutDoc","value":"Dokumentum kiiktatás visszavonása lehetőség elrejtése"},{"id":null,"key":"CS_ContentList_HideCheckoutDocument","value":"Dokumentum kiiktatása lehetőség elrejtése"},{"id":null,"key":"CS_ContentList_HideCheckoutState","value":"Kiiktatási állapot elrejtése"},{"id":null,"key":"CS_ContentList_HideCheckoutState_Help","value":"Ezzel a beállítással engedélyezheti/tilthatja le a kiiktatási állapot ikon megjelenítését."},{"id":null,"key":"CS_ContentList_HideDeleteDocument","value":"Dokumentum törlése lehetőség elrejtése"},{"id":null,"key":"CS_ContentList_HideDeleteFolder","value":"Mappa törlése lehetőség elrejtése"},{"id":null,"key":"CS_ContentList_HideDownloadDocument","value":"Dokumentum letöltése lehetőség elrejtése"},{"id":null,"key":"CS_ContentList_HideEditDocument","value":"Dokumentum szerkesztése lehetőség elrejtése"},{"id":null,"key":"CS_ContentList_HideEditDocumentProps","value":"Dokumentum tulajdonságainak szerkesztése lehetőség elrejtése"},{"id":null,"key":"CS_ContentList_HideEditFolderProps","value":"Mappa tulajdonságainak szerkesztése lehetőség elrejtése"},{"id":null,"key":"CS_ContentList_HideRefresh","value":"Hide refresh"},{"id":null,"key":"CS_ContentList_HideRenameFolder","value":"Mappa átnevezése lehetőség elrejtése"},{"id":null,"key":"CS_ContentList_HideSearchField","value":"Keresési mező elrejtése"},{"id":null,"key":"CS_ContentList_HideSearchField_Help","value":"Nem jelenítse meg a keresési mezőt. A keresési paraméterek a konfigurációs beállításokban vannak megadva."},{"id":null,"key":"CS_ContentList_HideUploadNewVersionDoc","value":"Új verziószámú dokumentum feltöltése lehetőség elrejtése"},{"id":null,"key":"CS_ContentList_HideViewDocument","value":"Dokumentum megjelenítése lehetőség elrejtése"},{"id":null,"key":"CS_ContentList_IncludeTimeInDates","value":"Időpont szerepeltetése a dátumtulajdonságokban"},{"id":null,"key":"CS_ContentList_IncludeTimeInDates_Help","value":"A dátumértékek időpont részének megjelenítése az oszloptulajdonságokban."},{"id":null,"key":"CS_ContentList_InitialPageSize","value":"Kezdeti lapméret"},{"id":null,"key":"CS_ContentList_InitialPageSize_Help","value":"A tartalomlistában megjelenítendő eredményhalmaz mérete. Az alapértelmezett oldalméret 20 elem."},{"id":null,"key":"CS_ContentList_OnActionMenuOpen","value":"On action menu open"},{"id":null,"key":"CS_ContentList_OnActionMenuOpen_Help","value":"An event that is fired when the action menu is about to be opened. Passes a folder object with properties."},{"id":null,"key":"CS_ContentList_OnAdd","value":"Tartalom hozzáadásakor"},{"id":null,"key":"CS_ContentList_OnAdd_Help","value":"Az az esemény, amely dokumentum vagy mappa hozzáadásakor elindításra kerül. Átad egy contentItem objektumot."},{"id":null,"key":"CS_ContentList_OnAllRowsSelected","value":"On all rows selected"},{"id":null,"key":"CS_ContentList_OnAllRowsSelected_Help","value":"This event is called when the user clicks on the Select All checkbox and the content list is in Multiselect mode. The passed parameter \"selected\" indicates whether all or none of the rows are selected."},{"id":null,"key":"CS_ContentList_OnContextMenuOpen","value":"Az előugró menü megnyitásakor"},{"id":null,"key":"CS_ContentList_OnContextMenuOpen_Help","value":"Az az esemény, amely akkor aktiválódik, amikor az előugró menü éppen megnyílik. Tartalomobjektumot ad át tulajdonságokkal."},{"id":null,"key":"CS_ContentList_OnError","value":"Hiba esetén"},{"id":null,"key":"CS_ContentList_OnError_Help","value":"Az esemény, amely szolgáltatási hiba esetén kerül kiküldésre."},{"id":null,"key":"CS_ContentList_OnFileClicked","value":"Fájlra kattintásakor"},{"id":null,"key":"CS_ContentList_OnFileClicked_Help","value":"Az esemény, amely akkor aktiválódik, ha dokumentum van kijelölve a főoszlopban. Dokumentum objektumot ad át tulajdonságokkal."},{"id":null,"key":"CS_ContentList_OnFolderClicked","value":"Mappára kattintáskor"},{"id":null,"key":"CS_ContentList_OnFolderClicked_Help","value":"Esemény, amely akkor aktiválódik, ha mappa van kijelölve a főoszlopban. Mappa objektumot ad át tulajdonságokkal."},{"id":null,"key":"CS_ContentList_OnPollResults","value":"On poll results"},{"id":null,"key":"CS_ContentList_OnPollResults_Help","value":"Fired when a poll result containing document status is received."},{"id":null,"key":"CS_ContentList_OnResults","value":"Találatok betöltésekor"},{"id":null,"key":"CS_ContentList_OnResults_Help","value":"Az az esemény, amely akkor kerül kiküldésre, ha egy szolgáltatás eredményeket ad vissza. A tartalomlistában előállított elemek listáját adja át."},{"id":null,"key":"CS_ContentList_OnRowSelected","value":"Sor kiválasztásakor"},{"id":null,"key":"CS_ContentList_OnRowSelected_Help","value":"Az esemény, amely akkor aktiválódik, ha választógomb vagy jelölőnégyzet segítségével sort jelölnek ki. A következő kiegészítő paramétert adja át : row (a row.data.contentItem tartalmazza a dokumentum vagy mappa objektumot tulajdonságokkal)."},{"id":null,"key":"CS_ContentList_Polling_Exit_Values","value":"Kilépési tulajdonságértékek lekérdezése"},{"id":null,"key":"CS_ContentList_Polling_Exit_Values_Help","value":"A lekérdezés akkor áll le, amikor a lekérdezés által visszaadott dokumentumtulajdonság-érték a beállított értékek egyike."},{"id":null,"key":"CS_ContentList_Polling_Neg_Exit_Values","value":"Negatív kilépési tulajdonságértékek lekérdezése"},{"id":null,"key":"CS_ContentList_Polling_Neg_Exit_Values_Help","value":"A lekérdezés akkor áll le, amikor a lekérdezés által visszaadott dokumentumtulajdonság-érték NEM a beállított értékek egyike."},{"id":null,"key":"CS_ContentList_Resources","value":"Resources"},{"id":null,"key":"CS_ContentList_Resources_Help","value":"Set to an external resource bundle to pull in localized string resources for the column headers and the property list filter labels."},{"id":null,"key":"CS_ContentList_RootFolderName","value":"Gyökérmappa neve"},{"id":null,"key":"CS_ContentList_RootFolderName_Help","value":"A Content Services lerakatban a mappanév helyett használandó gyökérmappa megjelenő neve."},{"id":null,"key":"CS_ContentList_Search","value":"Keresés"},{"id":null,"key":"CS_ContentList_SearchFilterProperties","value":"Search filter properties"},{"id":null,"key":"CS_ContentList_SearchFilterProperties_Help","value":"Specify the set of properties you want to query against to populate the list view. The property values are combined with an AND operator in the search filter."},{"id":null,"key":"CS_ContentList_SearchFolderId","value":"Keresés mappaazonosítóban"},{"id":null,"key":"CS_ContentList_SearchFolderId_Help","value":"A mappa mappaazonosítója, amelyben a keresést kezdeni kell. Ez egy elhagyható beállítás, amely a keresést a megadott mappára korlátozza. Ha nincs beállítva, akkor a keresés a teljes objektumtárolóban történik."},{"id":null,"key":"CS_ContentList_SearchFor","value":"Search for"},{"id":null,"key":"CS_ContentList_SearchFor_Help","value":"Search for document or folder items."},{"id":null,"key":"CS_ContentList_SearchOnlyFolder","value":"Keresés csak ebben a mappában."},{"id":null,"key":"CS_ContentList_SearchOnlyFolder_Help","value":"Ne tartalmazza a keresést az almappákban."},{"id":null,"key":"CS_ContentList_SearchOperator","value":"Műveleti jel"},{"id":null,"key":"CS_ContentList_SearchOperator_Help","value":"A használni kívánt lekérdezési operátor, például Starts With, Ends With, Like, Not Like, =, <, >, <>, >=, <=, stb."},{"id":null,"key":"CS_ContentList_SearchProperty","value":"Tulajdonság keresése"},{"id":null,"key":"CS_ContentList_SearchPropertyCardinality","value":"Keresési tulajdonság számossága"},{"id":null,"key":"CS_ContentList_SearchPropertyCardinality_Help","value":"Megadja, hogy a keresési tulajdonság egyetlen vagy több értékkel rendelkezik."},{"id":null,"key":"CS_ContentList_SearchPropertyType","value":"Tulajdonságtípus keresése"},{"id":null,"key":"CS_ContentList_SearchPropertyType_Help","value":"A megadott keresési tulajdonság adattípusa."},{"id":null,"key":"CS_ContentList_SearchProperty_Help","value":"A tulajdonság szimbolikus tulajdonságneve,amelyre keresni kíván."},{"id":null,"key":"CS_ContentList_SearchRootName","value":"Root search name"},{"id":null,"key":"CS_ContentList_SearchRootName_Help","value":"The root search display name to use on the breadcrumb."},{"id":null,"key":"CS_ContentList_SearchTextOptions","value":"Szöveg beállítások"},{"id":null,"key":"CS_ContentList_SearchTextOptions_Help","value":"Keresés beállítása, hogy a megadott tulajdonság keresésen kívül tartalomalap lekérdezést is tartalmazzon."},{"id":null,"key":"CS_ContentList_SearchType","value":"Search type"},{"id":null,"key":"CS_ContentList_SearchType_Help","value":"Search for objects of a particular type."},{"id":null,"key":"CS_ContentList_SearchValue","value":"Alapértelmezett érték"},{"id":null,"key":"CS_ContentList_SearchValue_Help","value":"A keresendő érték. Ha üresen marad, akkor érték megadásával futás közben indíthatja a keresést."},{"id":null,"key":"CS_ContentList_SecondaryProperty","value":"State secondary property"},{"id":null,"key":"CS_ContentList_SecondaryProperty_Help","value":"Select a property to be used as a custom secondary state property."},{"id":null,"key":"CS_ContentList_SelectionMode","value":"Kiválasztási mód"},{"id":null,"key":"CS_ContentList_SelectionMode_Help","value":"Egyszeres kiválasztás, többszörös kiválasztás vagy egyik sem."},{"id":null,"key":"CS_ContentList_ShowCustomState","value":"Egyéni állapot megjelenítése"},{"id":null,"key":"CS_ContentList_ShowCustomState_Help","value":"Válassza ezt a lehetőséget az egyéni állapot ikonok megjelenítésének engedélyezéséhez/letiltásához."},{"id":null,"key":"CS_ContentList_SortOrder","value":"Rendezési sorrend"},{"id":null,"key":"CS_ContentList_SortOrder_Help","value":"Alapértelmezett rendezési irány, növekvő vagy csökkenő."},{"id":null,"key":"CS_ContentList_SortProperty","value":"A rendezéshez alapul szolgáló tulajdonság"},{"id":null,"key":"CS_ContentList_SortProperty_Help","value":"Válassza ki az eredményhalmaz rendezésére szolgáló tulajdonságot."},{"id":null,"key":"CS_ContentList_StateProperty","value":"Állapot tulajdonság"},{"id":null,"key":"CS_ContentList_StateProperty_Help","value":"Válasszon ki egy egyéni állapottulajdonságként használandó tulajdonságot."},{"id":null,"key":"CS_ContentList_Status_Polling_Interval","value":"Állapotlekérdezési időköz"},{"id":null,"key":"CS_ContentList_Status_Polling_Interval_Help","value":"A hozzáadott dokumentumok állapotának lekérdezésére irányuló kérések közötti másodpercek száma."},{"id":null,"key":"CS_ContentList_Status_Polling_Property","value":"Állapot tulajdonság lekérdezése"},{"id":null,"key":"CS_ContentList_Status_Polling_Property_Help","value":"A hozzáadott dokumentumok állapotának lekérése érdekében lekérdezett tulajdonság."},{"id":null,"key":"CS_ContentList_Status_Polling_Timeout","value":"Polling timeout per document"},{"id":null,"key":"CS_ContentList_Status_Polling_Timeout_Help","value":"Number of seconds per document after which polling stops if an exit condition is not met."},{"id":null,"key":"CS_ContentList_TableRowHeight","value":"Táblázat sormagassága"},{"id":null,"key":"CS_ContentList_TableRowHeight_Help","value":"A tartalomlista táblázat sormagasságának meghatározására használt beállítás."},{"id":null,"key":"CS_ContentList_Width_Help","value":"The width of the content list view window."},{"id":null,"key":"CS_ContentLlist_DisableDnDAdd","value":"Húzással történő hozzáadás letiltása"},{"id":null,"key":"CS_ContentLlist_Polling_Neg_Exit_Values_Help","value":"A lekérdezés akkor áll le, amikor a lekérdezés által visszaadott dokumentumtulajdonság-érték NEM a beállított értékek egyike."},{"id":null,"key":"CS_ContentViewer_FitHeight","value":"Illesztés a magassághoz"},{"id":null,"key":"CS_ContentViewer_FitWidth","value":"Illesztés a szélességhez"},{"id":null,"key":"CS_ContentViewer_Height","value":"Magasság"},{"id":null,"key":"CS_ContentViewer_OnLoad","value":"Betöltéskor"},{"id":null,"key":"CS_ContentViewer_Width","value":"Szélesség"},{"id":null,"key":"CS_ContestList_MaxAddDocs_Help","value":"A felhasználók által egyszerre hozzáadható dokumentumok maximális száma. Az alapértelmezett maximum az 50. Maximális számként azonban akár 300-at is beállíthat."},{"id":null,"key":"CS_DeleteObject_OnDeleteObject","value":"On delete object"},{"id":null,"key":"CS_DeleteObject_OnDeleteObjectHelp","value":"An event that is fired after the object is deleted."},{"id":null,"key":"CS_DepDocPropertiesProperty","value":"Függő dokumentum tulajdonság"},{"id":null,"key":"CS_DepDocPropertiesProperty_Help","value":"Az objektumérték tulajdonság szimbolikus neve, amely a megjelenítendő JSON értékeket tartalmazó dokumentumra mutat."},{"id":null,"key":"CS_DepDocumentProperties_OnError","value":"Hiba esetén"},{"id":null,"key":"CS_DepDocumentProperties_OnError_Help","value":"Az az esemény, amely akkor aktiválódik, amikor a tulajdonságértékek lekérdezésekor hiba lép fel."},{"id":null,"key":"CS_DocumentReference_AddDocMode","value":"Add document mode"},{"id":null,"key":"CS_DocumentReference_AddDocMode_Help","value":"Setting that controls the add document process. Select None for no add support, Add no UI will not display any ui and Add with properties will display the add document dialog."},{"id":null,"key":"CS_DocumentReference_AllowsActions","value":"Enable actions"},{"id":null,"key":"CS_DocumentReference_AllowsActions_Help","value":"Enables the drop down context menu of content management actions in the view component."},{"id":null,"key":"CS_DocumentReference_AllowsRemoveDoc","value":"Enable clear document"},{"id":null,"key":"CS_DocumentReference_AllowsRemoveDoc_Help","value":"Enables the clear document action in the view component. This action only clears the document from the view and does not delete it from the repository."},{"id":null,"key":"CS_DocumentReference_DocumentId","value":"Document ID"},{"id":null,"key":"CS_DocumentReference_DocumentId_Help","value":"The ID of the document you want to load into this view."},{"id":null,"key":"CS_DocumentReference_EnableTitleAction","value":"Enable title click action"},{"id":null,"key":"CS_DocumentReference_EnableTitleAction_Help","value":"Enables the document title text to be clickable and runs the first action in the context menu."},{"id":null,"key":"CS_DocumentReference_HelperText","value":"Helper text"},{"id":null,"key":"CS_DocumentReference_HelperText_Help","value":"Helper text displayed below the input field."},{"id":null,"key":"CS_DocumentReference_HintText","value":"Hint text"},{"id":null,"key":"CS_DocumentReference_HintText_Help","value":"Hint text to display in the field when no document is specified."},{"id":null,"key":"CS_DocumentReference_OnClear","value":"On clear"},{"id":null,"key":"CS_DocumentReference_OnClear_Help","value":"An event that is fired when the user invokes the clear action."},{"id":null,"key":"CS_DocumentReference_ViewMode","value":"View mode"},{"id":null,"key":"CS_DocumentReference_ViewMode_Help","value":"Set to Normal to see the document mime type and title, or set to Thumbnail to see the document thumbnail and title."},{"id":null,"key":"CS_Document_Classes","value":"Dokumentumosztályok"},{"id":null,"key":"CS_Document_Classes_Help","value":"Új dokumentumok hozzáadásakor megjelenő dokumentumosztályok halmaza. Ha nincs beállítva, akkor a dokumentumosztályok a kiszolgálóról kerülnek beolvasásra. Az itt megadott nevek megjelenítésre kerülnek a felhasználó számára, az értékek az egyes dokumentumosztályok szimbolikus neveinek felelnek meg."},{"id":null,"key":"CS_FileDropZone_AcceptFileTypes","value":"Accepted file types"},{"id":null,"key":"CS_FileDropZone_AcceptFileTypes_Help","value":"Specify the file types that the file drop zone will accept. The files types must be specified as file dot extension strings."},{"id":null,"key":"CS_FileDropZone_DetailMessage","value":"Detail message"},{"id":null,"key":"CS_FileDropZone_DetailMessage_Help","value":"Message string displayed above the file drop zone."},{"id":null,"key":"CS_FileDropZone_DocumentType","value":"Dokumentumtípus"},{"id":null,"key":"CS_FileDropZone_DocumentType_Help","value":"A dokumentumok hozzáadásakor használandó dokumentumtípus. Ha nincs megadva, akkor az alapértelmezett dokumentumtípust használja."},{"id":null,"key":"CS_FileDropZone_FolderId_Help","value":"A mappa azonosítója, amelyhez a dokumentumok hozzá lesznek adva. Ha nincs megadva, akkor a dokumentumok nem lesznek iktatva."},{"id":null,"key":"CS_FileDropZone_Height_Help","value":"The height of the file drop zone area."},{"id":null,"key":"CS_FileDropZone_MaxAddDoc","value":"Maximum number of documents to add"},{"id":null,"key":"CS_FileDropZone_MaxAddDoc_Help","value":"Specify the maximum number of documents that users can add at a time. The default maximum is 50."},{"id":null,"key":"CS_FileDropZone_MaxDocumentSize","value":"Max document size"},{"id":null,"key":"CS_FileDropZone_MaxDocumentSize_Help","value":"The maximum document size in KB allowed to be added. The size of 0 is unlimited."},{"id":null,"key":"CS_FileDropZone_Width_Help","value":"The width of the file drop zone area."},{"id":null,"key":"CS_Folder_Classes","value":"Mappaosztályok"},{"id":null,"key":"CS_Folder_Classes_Help","value":"Új mappák hozzáadásakor megjelenő mappaosztályok halmaza. Ha nincs beállítva, akkor a mappaosztályok a kiszolgálóról kerülnek beolvasásra. Az itt megadott nevek megjelenítésre kerülnek a felhasználó számára, az értékek az egyes mappaosztályok szimbolikus neveinek felelnek meg."},{"id":null,"key":"CS_GetContent_OnContentReceived","value":"Tartalom fogadásakor"},{"id":null,"key":"CS_GetContent_OnContentReceived_Help","value":"Az az esemény, amely akkor aktiválódik, amikor a válaszban visszaadásra kerül a dokumentumtartalom."},{"id":null,"key":"CS_GetContent_OnGetClassAccess","value":"On get class access"},{"id":null,"key":"CS_GetContent_OnGetClassAccess_Help","value":"An event that is fired when the get class access response has returned."},{"id":null,"key":"CS_GetContent_OnPropertiesUpdated","value":"On properties updated"},{"id":null,"key":"CS_GetContent_OnPropertiesUpdated_Help","value":"An event that is fired when the properties have been retrieved and updated in the content item object."},{"id":null,"key":"CS_Height","value":"Magasság"},{"id":null,"key":"CS_Hide_Time_Picker","value":"Hide time picker when editing date and time values"},{"id":null,"key":"CS_Hide_Time_Picker_Help","value":"When set, hides the interface for editing the time portion of date and time values."},{"id":null,"key":"CS_Modal_OnCancel","value":"On cancel"},{"id":null,"key":"CS_Modal_OnCancel_Help","value":"An event that is fired when the user cancels out of a modal view."},{"id":null,"key":"CS_OK","value":"Ok"},{"id":null,"key":"CS_ObjectStoreName","value":"Objektumtároló neve"},{"id":null,"key":"CS_ObjectStoreName_Help","value":"Objektumtároló neve az Acce adminisztrációs eszközből."},{"id":null,"key":"CS_On_Class_Selected","value":"Osztály kiválasztásakor"},{"id":null,"key":"CS_On_Class_Selected_Help","value":"Az esemény, amely akkor aktiválódik, amikor a felhasználó osztályt jelöl ki."},{"id":null,"key":"CS_ProgressIndicator_OnClose","value":"On close"},{"id":null,"key":"CS_ProgressIndicator_OnClose_Help","value":"Fired when the progress indicator is closed."},{"id":null,"key":"CS_ProgressIndicator_OnFileRemoved","value":"On file removed"},{"id":null,"key":"CS_ProgressIndicator_OnFileRemoved_Help","value":"Fired when a pending file is removed from the progress indicator"},{"id":null,"key":"CS_PropertyList_Display_Edit","value":"Tulajdonságértékek szerkesztésére szolgáló gombok megjelenítése"},{"id":null,"key":"CS_PropertyList_Display_Edit_Help","value":"Gombokat jelenít meg az eszköztárban, amelyek lehetővé teszik a felhasználók számára a tulajdonság értékek szerkesztését."},{"id":null,"key":"CS_PropertyPoller_OnError","value":"Hiba esetén"},{"id":null,"key":"CS_PropertyPoller_OnError_Help","value":"Akkor aktiválódik, amikor hiba történik egy tulajdonság lekérdezésekor."},{"id":null,"key":"CS_PropertyPoller_OnResults","value":"On results"},{"id":null,"key":"CS_PropertyPoller_OnResults_Help","value":"Fired when results are received from a poll requests."},{"id":null,"key":"CS_PropertyPoller_OnStatus","value":"A tulajdonságinformációk visszaadásakor"},{"id":null,"key":"CS_PropertyPoller_OnStatus_Help","value":"Akkor kerül indításra, amikor a kiszolgáló visszaadja a lekérdezett tulajdonságinformációkra vonatkozó adatokat."},{"id":null,"key":"CS_Query_ExecuteOnChange","value":"Run search on change"},{"id":null,"key":"CS_Query_ExecuteOnChange_Help","value":"Runs the configured search when the view change event occurs in the component."},{"id":null,"key":"CS_Query_ExecuteOnView","value":"Execute search on view"},{"id":null,"key":"CS_Query_ExecuteOnView_Help","value":"Runs the configured search when the coach view event occurs in the component."},{"id":null,"key":"CS_Query_MaxResults","value":"Maximum results"},{"id":null,"key":"CS_Query_MaxResults_Help","value":"The maximum number of results to return from the query."},{"id":null,"key":"CS_Query_OnError","value":"On error"},{"id":null,"key":"CS_Query_OnError_Help","value":"Fired when an error occurs."},{"id":null,"key":"CS_Query_OnSearchResults","value":"On search results"},{"id":null,"key":"CS_Query_OnSearchResults_Help","value":"Fired when search results are returned from the server."},{"id":null,"key":"CS_Query_ResultProperties","value":"Result properties"},{"id":null,"key":"CS_Query_ResultProperties_Help","value":"Symbolic names of properties returned in the search results."},{"id":null,"key":"CS_Query_SearchValue","value":"Search values"},{"id":null,"key":"CS_Query_SearchValue_Help","value":"The values to search for."},{"id":null,"key":"CS_RepositoryId","value":"Lerakat azonosítója"},{"id":null,"key":"CS_RepositoryId_Help","value":"A lerakatazonosító az IBM Navigator termékből. Ezt az értéket használja a dokumentummegjelenítő."},{"id":null,"key":"CS_Save","value":"Save"},{"id":null,"key":"CS_SelectFiles","value":"Select Files"},{"id":null,"key":"CS_SummaryCard_Details","value":"Details"},{"id":null,"key":"CS_SummaryCard_Details_Help","value":"Displayed in the details section of the summary card."},{"id":null,"key":"CS_SummaryCard_DisplayHelpIcon","value":"Display help icon"},{"id":null,"key":"CS_SummaryCard_DisplayHelpIcon_Help","value":"When checked, displays a help icon in the card."},{"id":null,"key":"CS_SummaryCard_HelpLearnMoreUrl","value":"Help learn more URL"},{"id":null,"key":"CS_SummaryCard_HelpLearnMoreUrl_Help","value":"A link to Learn More information. When set, a button is displayed in the help tooltip that when clicked, displays the page specified in the link."},{"id":null,"key":"CS_SummaryCard_HelpText","value":"Help text"},{"id":null,"key":"CS_SummaryCard_HelpText_Help","value":"Either a message ID or text that is displayed in a tooltip when the user clicks the help icon."},{"id":null,"key":"CS_SummaryCard_OnClick","value":"On click"},{"id":null,"key":"CS_SummaryCard_OnClick_Help","value":"Fired when the summary card is clicked."},{"id":null,"key":"CS_SummaryCard_Title","value":"Title"},{"id":null,"key":"CS_SummaryCard_Title_Help","value":"Displayed as the title of the summary card."},{"id":null,"key":"CS_Upload","value":"Upload"},{"id":null,"key":"CS_UploadContent_OnContentAdded","value":"Tartalom hozzáadásakor"},{"id":null,"key":"CS_UploadContent_OnContentAdded_Help","value":"A tartalom sikeres feltöltésekor aktiválásra került egy esemény."},{"id":null,"key":"CS_UploadContent_OnError","value":"Hiba esetén"},{"id":null,"key":"CS_UploadContent_OnError_Help","value":"Az az esemény, amely akkor aktiválódik, amikor a tartalom feltöltésekor hiba lép fel."},{"id":null,"key":"CS_UploadVersion_OnUploadVersion","value":"On upload version"},{"id":null,"key":"CS_UploadVersion_OnUploadVersionHelp","value":"An event that is fired when a new version of the document has been uploaded."},{"id":null,"key":"CS_Width","value":"Szélesség"}]}