{"id":"50.adeae4bd-e860-48f8-8f12-9436f7840773/2064.91e0f284-0db5-4f27-994d-d0f601dabca4","localeLanguage":"fi","localeCountry":"","localeVariant":"","localeDisplayName":"CSResource","resourceBundleKey":[{"id":null,"key":"CS_Add","value":"Add"},{"id":null,"key":"CS_BatchContent_AutomationDocType","value":"Automation document type"},{"id":null,"key":"CS_BatchContent_AutomationDocType_Help","value":"The document type to be used when adding or modifying batch documents. If not specified, the value defaults to DbaCaptureBase."},{"id":null,"key":"CS_BatchContent_OnDocumentCheckedOut","value":"On document checked out"},{"id":null,"key":"CS_BatchContent_OnDocumentCheckedOut_Help","value":"An event that is fired when the document has been checked out."},{"id":null,"key":"CS_BatchContent_OnGetProperties","value":"On get properties"},{"id":null,"key":"CS_BatchContent_OnGetProperties_Help","value":"An event that is fired when the properties have been retrieved."},{"id":null,"key":"CS_BatchContent_OnResubmitBatch","value":"On resubmit batch"},{"id":null,"key":"CS_BatchContent_OnResubmitBatch_Help","value":"An event that is fired when the batch has been resubmitted for processing successfully."},{"id":null,"key":"CS_BatchContent_OnRollbackBatch","value":"On rollback batch"},{"id":null,"key":"CS_BatchContent_OnRollbackBatch_Help","value":"An event that is fired when the batch has been rolled back successfully."},{"id":null,"key":"CS_BatchContent_OnSaveBatch","value":"On save batch"},{"id":null,"key":"CS_BatchContent_OnSaveBatch_Help","value":"An event that is fired when the batch has been saved."},{"id":null,"key":"CS_BatchContent_OnSearchResults","value":"On search results"},{"id":null,"key":"CS_BatchContent_OnSearchResults_Help","value":"An event that is fired when the search results have returned successfully."},{"id":null,"key":"CS_BatchContent_OnUpdateBatch","value":"On update batch"},{"id":null,"key":"CS_BatchContent_OnUpdateBatch_Help","value":"An event that is fired when the batch has been updated."},{"id":null,"key":"CS_BatchContent_OnUpdateProperties","value":"On update properties"},{"id":null,"key":"CS_BatchContent_OnUpdateProperties_Help","value":"An event that is fired when the properties have been updated."},{"id":null,"key":"CS_Cancel","value":"Cancel"},{"id":null,"key":"CS_Class_Selector_Svc_Error","value":"Palveluvirhe"},{"id":null,"key":"CS_Class_Selector_Svc_Error_Help","value":"Käynnistyy, kun palvelukutsu on palauttanut virheen."},{"id":null,"key":"CS_ContentListFilter_Cancel","value":"Cancel"},{"id":null,"key":"CS_ContentListFilter_Filter","value":"Filter"},{"id":null,"key":"CS_ContentListFilter_OnCanceFilter","value":"On cancel"},{"id":null,"key":"CS_ContentListFilter_OnCancelFilter_Help","value":"An event that is fired when the cancel button is clicked."},{"id":null,"key":"CS_ContentListFilter_OnFilter","value":"On filter"},{"id":null,"key":"CS_ContentListFilter_OnFilter_Help","value":"An event that is fired when the filter button is clicked."},{"id":null,"key":"CS_ContentListFilter_TypeName","value":"Type name"},{"id":null,"key":"CS_ContentListFilter_TypeName_Help","value":"Search object type."},{"id":null,"key":"CS_ContentList_AcceptFileTypes","value":"Accepted file types"},{"id":null,"key":"CS_ContentList_AcceptFileTypes_Help","value":"Specify the file type extensions that are allowed when adding new documents (for example, .dotx, .pdf, etc). When not specified, all file types are accepted."},{"id":null,"key":"CS_ContentList_Actions","value":"Toiminnot"},{"id":null,"key":"CS_ContentList_AddButton","value":"Lisää"},{"id":null,"key":"CS_ContentList_Advanced","value":"Lisäasetukset"},{"id":null,"key":"CS_ContentList_Behavior","value":"Toimintatapa"},{"id":null,"key":"CS_ContentList_Columns","value":"Sarakkeet"},{"id":null,"key":"CS_ContentList_Columns_Help","value":"Luettelossa näytettävät sarakkeet. Määritä tämä arvo, jos haluat käyttää omia mukautettuja sarakkeen ominaisuuksia; muussa tapauksessa käytetään oletusarvoja."},{"id":null,"key":"CS_ContentList_ConfigurationProperty","value":"Kokoonpano-ominaisuus"},{"id":null,"key":"CS_ContentList_ConfigurationProperty_Help","value":"Sen ominaisuuden nimi, johon kokoonpanotiedot tallentuvat JSON-muodossa."},{"id":null,"key":"CS_ContentList_ConfigurationValues","value":"Kokoonpanon arvot"},{"id":null,"key":"CS_ContentList_ContentItems","value":"Sisältöobjektit"},{"id":null,"key":"CS_ContentList_ContentItems_Help","value":"Luettelo näytettävistä CSDocument-objekteista. Tunnusominaisuus on ainoa dokumenttiobjektien pakollinen ominaisuus."},{"id":null,"key":"CS_ContentList_ControllerProperty","value":"Controller document property"},{"id":null,"key":"CS_ContentList_ControllerProperty_Help","value":"Name of the object value property in the document class that links to the batch controller."},{"id":null,"key":"CS_ContentList_DisableDnDAdd_Help","value":"Valitse tämä asetus, jos haluat poistaa käytöstä dokumenttien lisäyksen vetämällä ja pudottamalla."},{"id":null,"key":"CS_ContentList_DisabledValues","value":"Käytöstä poistetut arvot"},{"id":null,"key":"CS_ContentList_DisabledValues_Help","value":"Määritä niiden ominaisuuksien arvot, joiden kohdetoiminnot poistetaan käytöstä."},{"id":null,"key":"CS_ContentList_DisplayProgressIndicator","value":"Näytä tilanneilmaisin lisättäessä dokumentteja"},{"id":null,"key":"CS_ContentList_DisplayProgressIndicator_Help","value":"Valitse tämä vaihtoehto, jos haluat tuoda näkyviin dokumenttien lisäyksen tilanneilmaisimen."},{"id":null,"key":"CS_ContentList_EnableSearchFilter","value":"Enable search filter"},{"id":null,"key":"CS_ContentList_EnableSearchFilter_Help","value":"Displays the search filter component for specifying multiple search parameters to query against and display the results in the list view."},{"id":null,"key":"CS_ContentList_Enable_Polling","value":"Ota käyttöön dokumentin tilan kysely"},{"id":null,"key":"CS_ContentList_Enable_Polling_Help","value":"Kun asetus on määritetty, kyselyä käytetään lisättävien dokumenttien tilan päivitykseen."},{"id":null,"key":"CS_ContentList_ExtraProperties","value":"Extra properties"},{"id":null,"key":"CS_ContentList_ExtraProperties_Help","value":"Specify additional properties that you want returned with the items in the results set."},{"id":null,"key":"CS_ContentList_Filter_Help","value":"=The property values are combined with an AND operator in the search filter."},{"id":null,"key":"CS_ContentList_Folder","value":"Kansio"},{"id":null,"key":"CS_ContentList_FolderId","value":"Kansion tunnus"},{"id":null,"key":"CS_ContentList_FolderId_Help","value":"Määritä kansion tunnus tai polku, jotta sisältöluettelon voi alustaa määritetyn kansion sisällöllä. Kansion tunnuksen määritys on etusijalla hakuasetuksiin nähden."},{"id":null,"key":"CS_ContentList_Height_Help","value":"The height of the content list view window."},{"id":null,"key":"CS_ContentList_HideAction_Help","value":"Merkitse toiminnon asetus, jos haluat poistaa tämän toiminnon avattavasta luettelosta."},{"id":null,"key":"CS_ContentList_HideAddDialog","value":"Piilota lisäysikkuna, kun dokumentteja lisätään"},{"id":null,"key":"CS_ContentList_HideAddDialog_Help","value":"Kun tämä vaihtoehto on valittu ja määritettynä on yksi dokumenttilaji, dokumentit lisätään niin, ettei Lisää dokumentti -valintaikkuna tule näkyviin."},{"id":null,"key":"CS_ContentList_HideAddDocument","value":"Piilota dokumentin lisäys"},{"id":null,"key":"CS_ContentList_HideAddFolder","value":"Piilota kansion lisäys"},{"id":null,"key":"CS_ContentList_HideCancelCheckoutDoc","value":"Piilota dokumentin uloskuittauksen peruutus"},{"id":null,"key":"CS_ContentList_HideCheckoutDocument","value":"Piilota dokumentin uloskuittaus"},{"id":null,"key":"CS_ContentList_HideCheckoutState","value":"Piilota uloskuittauksen tila"},{"id":null,"key":"CS_ContentList_HideCheckoutState_Help","value":"Valitse tämä vaihtoehto, jos haluat ottaa käyttöön tai poistaa käytöstä uloskuittaustilan kuvakkeen näytön."},{"id":null,"key":"CS_ContentList_HideDeleteDocument","value":"Piilota dokumentin poisto"},{"id":null,"key":"CS_ContentList_HideDeleteFolder","value":"Piilota kansion poisto"},{"id":null,"key":"CS_ContentList_HideDownloadDocument","value":"Piilota dokumentin lataus"},{"id":null,"key":"CS_ContentList_HideEditDocument","value":"Piilota dokumentin muokkaus"},{"id":null,"key":"CS_ContentList_HideEditDocumentProps","value":"Piilota dokumentin ominaisuuksien muokkaus"},{"id":null,"key":"CS_ContentList_HideEditFolderProps","value":"Piilota kansion ominaisuuksien muokkaus"},{"id":null,"key":"CS_ContentList_HideRefresh","value":"Hide refresh"},{"id":null,"key":"CS_ContentList_HideRenameFolder","value":"Piilota kansion uudelleennimeäminen"},{"id":null,"key":"CS_ContentList_HideSearchField","value":"Piilota hakukenttä"},{"id":null,"key":"CS_ContentList_HideSearchField_Help","value":"Älä näytä hakukenttää. Hakuparametrit määritetään kokoonpanoasetuksissa."},{"id":null,"key":"CS_ContentList_HideUploadNewVersionDoc","value":"Piilota Siirrä uuden version dokumentti"},{"id":null,"key":"CS_ContentList_HideViewDocument","value":"Piilota dokumentin tarkastelu"},{"id":null,"key":"CS_ContentList_IncludeTimeInDates","value":"Sisällytä päivämääräominaisuuksiin kellonaika"},{"id":null,"key":"CS_ContentList_IncludeTimeInDates_Help","value":"Näytä sarakkeen ominaisuuksissa päivämääräarvon kellonaikaosa."},{"id":null,"key":"CS_ContentList_InitialPageSize","value":"Sivun alkuperäinen koko"},{"id":null,"key":"CS_ContentList_InitialPageSize_Help","value":"Sisältöluetteloon hahmonnusta varten palautetun tulosjoukon koko. Sivun oletuskoko on 20 objektia."},{"id":null,"key":"CS_ContentList_OnActionMenuOpen","value":"On action menu open"},{"id":null,"key":"CS_ContentList_OnActionMenuOpen_Help","value":"An event that is fired when the action menu is about to be opened. Passes a folder object with properties."},{"id":null,"key":"CS_ContentList_OnAdd","value":"Sisällön lisäyksen yhteydessä"},{"id":null,"key":"CS_ContentList_OnAdd_Help","value":"Tapahtuma, joka käynnistyy, kun lisätään dokumentti tai kansio. Välittää contentItem-objektin."},{"id":null,"key":"CS_ContentList_OnAllRowsSelected","value":"On all rows selected"},{"id":null,"key":"CS_ContentList_OnAllRowsSelected_Help","value":"This event is called when the user clicks on the Select All checkbox and the content list is in Multiselect mode. The passed parameter \"selected\" indicates whether all or none of the rows are selected."},{"id":null,"key":"CS_ContentList_OnContextMenuOpen","value":"Pikavalikon avauksen yhteydessä"},{"id":null,"key":"CS_ContentList_OnContextMenuOpen_Help","value":"Tapahtuma, joka käynnistyy, kun pikavalikko on avautumassa. Välittää sisältöobjektin ominaisuuksineen."},{"id":null,"key":"CS_ContentList_OnError","value":"Virheen yhteydessä"},{"id":null,"key":"CS_ContentList_OnError_Help","value":"Tapahtuma, joka lähetetään palveluvirheen ilmetessä."},{"id":null,"key":"CS_ContentList_OnFileClicked","value":"Tiedoston napsautuksen yhteydessä"},{"id":null,"key":"CS_ContentList_OnFileClicked_Help","value":"Tapahtuma, joka käynnistyy, kun dokumentti valitaan pääsarakkeesta. Välittää dokumenttiobjektin ominaisuuksineen."},{"id":null,"key":"CS_ContentList_OnFolderClicked","value":"Kansion napsautuksen yhteydessä"},{"id":null,"key":"CS_ContentList_OnFolderClicked_Help","value":"Tapahtuma, joka käynnistyy, kun kansio valitaan pääsarakkeesta. Välittää kansio-objektin ominaisuuksineen."},{"id":null,"key":"CS_ContentList_OnPollResults","value":"On poll results"},{"id":null,"key":"CS_ContentList_OnPollResults_Help","value":"Fired when a poll result containing document status is received."},{"id":null,"key":"CS_ContentList_OnResults","value":"Ladattavien tulosten yhteydessä"},{"id":null,"key":"CS_ContentList_OnResults_Help","value":"Tapahtuma, joka lähetetään, kun tulokset on palautettu palvelusta. Välittää luettelon objekteista, jotka on hahmonnettu sisältöluetteloon."},{"id":null,"key":"CS_ContentList_OnRowSelected","value":"Rivivalinnan yhteydessä"},{"id":null,"key":"CS_ContentList_OnRowSelected_Help","value":"Tapahtuma, joka käynnistyy, kun rivi on valittu valintanapin tai valintaruudun avulla. Välittää lisäparametrin: row (row.data.contentItem sisältää dokumentin tai kansion objektin ominaisuuksineen)."},{"id":null,"key":"CS_ContentList_Polling_Exit_Values","value":"Poistumakohdan ominaisuuden arvojen kysely"},{"id":null,"key":"CS_ContentList_Polling_Exit_Values_Help","value":"Kysely päättyy, jos palautuva ominaisuuden arvo on jokin määritetyistä arvoista."},{"id":null,"key":"CS_ContentList_Polling_Neg_Exit_Values","value":"Poistumakohdan ominaisuuden negatiivisten arvojen kysely"},{"id":null,"key":"CS_ContentList_Polling_Neg_Exit_Values_Help","value":"Kysely päättyy, jos palautuva ominaisuuden arvo EI ole jokin määritetyistä arvoista."},{"id":null,"key":"CS_ContentList_Resources","value":"Resources"},{"id":null,"key":"CS_ContentList_Resources_Help","value":"Set to an external resource bundle to pull in localized string resources for the column headers and the property list filter labels."},{"id":null,"key":"CS_ContentList_RootFolderName","value":"Pääkansion nimi"},{"id":null,"key":"CS_ContentList_RootFolderName_Help","value":"Pääkansion näyttönimi, jota käytetään Content Services -tietovarastossa kansion nimen sijaan."},{"id":null,"key":"CS_ContentList_Search","value":"Hae"},{"id":null,"key":"CS_ContentList_SearchFilterProperties","value":"Search filter properties"},{"id":null,"key":"CS_ContentList_SearchFilterProperties_Help","value":"Specify the set of properties you want to query against to populate the list view. The property values are combined with an AND operator in the search filter."},{"id":null,"key":"CS_ContentList_SearchFolderId","value":"Hae kansiotunnuksista"},{"id":null,"key":"CS_ContentList_SearchFolderId_Help","value":"Sen kansion kansiotunnus, jossa haku aloitetaan. Tämä on valinnainen asetus, joka rajoittaa haun määritettyyn kansioon. Jos asetusta ei ole määritetty, haku suoritetaan koko objektisäilössä."},{"id":null,"key":"CS_ContentList_SearchFor","value":"Search for"},{"id":null,"key":"CS_ContentList_SearchFor_Help","value":"Search for document or folder items."},{"id":null,"key":"CS_ContentList_SearchOnlyFolder","value":"Hae vain tästä kansiosta"},{"id":null,"key":"CS_ContentList_SearchOnlyFolder_Help","value":"Älä sisällytä alikansioiden hakua."},{"id":null,"key":"CS_ContentList_SearchOperator","value":"Operaattori"},{"id":null,"key":"CS_ContentList_SearchOperator_Help","value":"Kyselyoperaattori, jota haluat käyttää, kuten Alkaa merkeillä, Päättyy merkkeihin, On kuten, Ei ole kuten, =, <, >, <>, >=, <= jne.)."},{"id":null,"key":"CS_ContentList_SearchProperty","value":"Hakuominaisuus"},{"id":null,"key":"CS_ContentList_SearchPropertyCardinality","value":"Hakuominaisuuden kardinaliteetti"},{"id":null,"key":"CS_ContentList_SearchPropertyCardinality_Help","value":"Määrittää, onko hakuominaisuus yksittäinen vai moniarvoinen."},{"id":null,"key":"CS_ContentList_SearchPropertyType","value":"Hae ominaisuuden laji"},{"id":null,"key":"CS_ContentList_SearchPropertyType_Help","value":"Määritetyn hakuominaisuuden tietolaji."},{"id":null,"key":"CS_ContentList_SearchProperty_Help","value":"Sen ominaisuuden symbolinen nimi, jota haluat hakea."},{"id":null,"key":"CS_ContentList_SearchRootName","value":"Root search name"},{"id":null,"key":"CS_ContentList_SearchRootName_Help","value":"The root search display name to use on the breadcrumb."},{"id":null,"key":"CS_ContentList_SearchTextOptions","value":"Tekstiasetukset"},{"id":null,"key":"CS_ContentList_SearchTextOptions_Help","value":"Määritä haku sisältämään sisällön peruskysely määritetyn ominaisuushaun lisäksi."},{"id":null,"key":"CS_ContentList_SearchType","value":"Search type"},{"id":null,"key":"CS_ContentList_SearchType_Help","value":"Search for objects of a particular type."},{"id":null,"key":"CS_ContentList_SearchValue","value":"Oletusarvo"},{"id":null,"key":"CS_ContentList_SearchValue_Help","value":"Haettava arvo. Jos arvo jätetään tyhjäksi, käyttäjät voivat antaa oman arvonsa ja käyttää hakua ajon aikana."},{"id":null,"key":"CS_ContentList_SecondaryProperty","value":"State secondary property"},{"id":null,"key":"CS_ContentList_SecondaryProperty_Help","value":"Select a property to be used as a custom secondary state property."},{"id":null,"key":"CS_ContentList_SelectionMode","value":"Valintatila"},{"id":null,"key":"CS_ContentList_SelectionMode_Help","value":"Yksittäinen valinta, monivalinta tai ei mitään."},{"id":null,"key":"CS_ContentList_ShowCustomState","value":"Näytä mukautettu tila"},{"id":null,"key":"CS_ContentList_ShowCustomState_Help","value":"Valitse tämä vaihtoehto, jos haluat ottaa käyttöön tai poistaa käytöstä mukautetun tilan kuvakkeen näytön."},{"id":null,"key":"CS_ContentList_SortOrder","value":"Lajittelujärjestys"},{"id":null,"key":"CS_ContentList_SortOrder_Help","value":"Oletuslajittelujärjestys, nouseva tai laskeva."},{"id":null,"key":"CS_ContentList_SortProperty","value":"Lajittele ominaisuuden mukaan"},{"id":null,"key":"CS_ContentList_SortProperty_Help","value":"Valitse tulosjoukon lajitteluperusteena käytettävä ominaisuus."},{"id":null,"key":"CS_ContentList_StateProperty","value":"Tilan ominaisuus"},{"id":null,"key":"CS_ContentList_StateProperty_Help","value":"Valitse ominaisuus, jota käytetään mukautetun tilan ominaisuutena."},{"id":null,"key":"CS_ContentList_Status_Polling_Interval","value":"Tilan kyselyväli"},{"id":null,"key":"CS_ContentList_Status_Polling_Interval_Help","value":"Lisättyjen dokumenttien tilakyselyjen pyyntöväli sekunteina."},{"id":null,"key":"CS_ContentList_Status_Polling_Property","value":"Tilan ominaisuuden kysely"},{"id":null,"key":"CS_ContentList_Status_Polling_Property_Help","value":"Ominaisuus, johon kysely kohdistuu, kun noudetaan lisättyjen dokumenttien tila."},{"id":null,"key":"CS_ContentList_Status_Polling_Timeout","value":"Polling timeout per document"},{"id":null,"key":"CS_ContentList_Status_Polling_Timeout_Help","value":"Number of seconds per document after which polling stops if an exit condition is not met."},{"id":null,"key":"CS_ContentList_TableRowHeight","value":"Taulukon rivin korkeus"},{"id":null,"key":"CS_ContentList_TableRowHeight_Help","value":"Asetus, jonka avulla määritetään sisältöluettelon taulukon rivin korkeus."},{"id":null,"key":"CS_ContentList_Width_Help","value":"The width of the content list view window."},{"id":null,"key":"CS_ContentLlist_DisableDnDAdd","value":"Poista käytöstä lisäys vedon ja pudotuksen avulla"},{"id":null,"key":"CS_ContentLlist_Polling_Neg_Exit_Values_Help","value":"Kysely päättyy, jos palautuva ominaisuuden arvo EI ole jokin määritetyistä arvoista."},{"id":null,"key":"CS_ContentViewer_FitHeight","value":"Sovita korkeuteen"},{"id":null,"key":"CS_ContentViewer_FitWidth","value":"Sovita leveys"},{"id":null,"key":"CS_ContentViewer_Height","value":"Korkeus"},{"id":null,"key":"CS_ContentViewer_OnLoad","value":"Ladattaessa"},{"id":null,"key":"CS_ContentViewer_Width","value":"Leveys"},{"id":null,"key":"CS_ContestList_MaxAddDocs_Help","value":"Määritä dokumenttien enimmäismäärä, joka voidaan lisätä samalla kertaa. Oletusarvon mukainen enimmäismäärä on 50. Enimmäismääräksi voi kuitenkin määrittää jopa 300."},{"id":null,"key":"CS_DeleteObject_OnDeleteObject","value":"On delete object"},{"id":null,"key":"CS_DeleteObject_OnDeleteObjectHelp","value":"An event that is fired after the object is deleted."},{"id":null,"key":"CS_DepDocPropertiesProperty","value":"Riippuvaisen dokumentin ominaisuus"},{"id":null,"key":"CS_DepDocPropertiesProperty_Help","value":"Objektin arvon ominaisuuden symbolinen nimi, joka viittaa näytettävät JSON-arvot sisältävään dokumenttiin."},{"id":null,"key":"CS_DepDocumentProperties_OnError","value":"Virheen yhteydessä"},{"id":null,"key":"CS_DepDocumentProperties_OnError_Help","value":"Tapahtuma, joka käynnistyy, jos ominaisuuden arvojen noudossa ilmenee virhe."},{"id":null,"key":"CS_DocumentReference_AddDocMode","value":"Add document mode"},{"id":null,"key":"CS_DocumentReference_AddDocMode_Help","value":"Setting that controls the add document process. Select None for no add support, Add no UI will not display any ui and Add with properties will display the add document dialog."},{"id":null,"key":"CS_DocumentReference_AllowsActions","value":"Enable actions"},{"id":null,"key":"CS_DocumentReference_AllowsActions_Help","value":"Enables the drop down context menu of content management actions in the view component."},{"id":null,"key":"CS_DocumentReference_AllowsRemoveDoc","value":"Enable clear document"},{"id":null,"key":"CS_DocumentReference_AllowsRemoveDoc_Help","value":"Enables the clear document action in the view component. This action only clears the document from the view and does not delete it from the repository."},{"id":null,"key":"CS_DocumentReference_DocumentId","value":"Document ID"},{"id":null,"key":"CS_DocumentReference_DocumentId_Help","value":"The ID of the document you want to load into this view."},{"id":null,"key":"CS_DocumentReference_EnableTitleAction","value":"Enable title click action"},{"id":null,"key":"CS_DocumentReference_EnableTitleAction_Help","value":"Enables the document title text to be clickable and runs the first action in the context menu."},{"id":null,"key":"CS_DocumentReference_HelperText","value":"Helper text"},{"id":null,"key":"CS_DocumentReference_HelperText_Help","value":"Helper text displayed below the input field."},{"id":null,"key":"CS_DocumentReference_HintText","value":"Hint text"},{"id":null,"key":"CS_DocumentReference_HintText_Help","value":"Hint text to display in the field when no document is specified."},{"id":null,"key":"CS_DocumentReference_OnClear","value":"On clear"},{"id":null,"key":"CS_DocumentReference_OnClear_Help","value":"An event that is fired when the user invokes the clear action."},{"id":null,"key":"CS_DocumentReference_ViewMode","value":"View mode"},{"id":null,"key":"CS_DocumentReference_ViewMode_Help","value":"Set to Normal to see the document mime type and title, or set to Thumbnail to see the document thumbnail and title."},{"id":null,"key":"CS_Document_Classes","value":"Dokumenttiluokat"},{"id":null,"key":"CS_Document_Classes_Help","value":"Joukko dokumenttiluokkia, jotka tulevat näkyviin uusia dokumentteja lisättäessä. Jos luokkia ei ole määritetty, dokumenttiluokat noudetaan palvelimesta. Annetut nimet näkyvät käyttäjälle, arvot vastaavat kunkin dokumenttiluokan symbolista nimeä."},{"id":null,"key":"CS_FileDropZone_AcceptFileTypes","value":"Accepted file types"},{"id":null,"key":"CS_FileDropZone_AcceptFileTypes_Help","value":"Specify the file types that the file drop zone will accept. The files types must be specified as file dot extension strings."},{"id":null,"key":"CS_FileDropZone_DetailMessage","value":"Detail message"},{"id":null,"key":"CS_FileDropZone_DetailMessage_Help","value":"Message string displayed above the file drop zone."},{"id":null,"key":"CS_FileDropZone_DocumentType","value":"Dokumentin laji"},{"id":null,"key":"CS_FileDropZone_DocumentType_Help","value":"Dokumenttien lisäyksessä käytettävä dokumentin laji. Jos tätä ei määritetä, järjestelmä käyttää dokumentin oletuslajia."},{"id":null,"key":"CS_FileDropZone_FolderId_Help","value":"Dokumenttien lisäyskohteena käytettävän kansion tunnus. Jos tätä ei määritetä, dokumentit poistetaan arkistosta."},{"id":null,"key":"CS_FileDropZone_Height_Help","value":"The height of the file drop zone area."},{"id":null,"key":"CS_FileDropZone_MaxAddDoc","value":"Maximum number of documents to add"},{"id":null,"key":"CS_FileDropZone_MaxAddDoc_Help","value":"Specify the maximum number of documents that users can add at a time. The default maximum is 50."},{"id":null,"key":"CS_FileDropZone_MaxDocumentSize","value":"Max document size"},{"id":null,"key":"CS_FileDropZone_MaxDocumentSize_Help","value":"The maximum document size in KB allowed to be added. The size of 0 is unlimited."},{"id":null,"key":"CS_FileDropZone_Width_Help","value":"The width of the file drop zone area."},{"id":null,"key":"CS_Folder_Classes","value":"Kansioluokat"},{"id":null,"key":"CS_Folder_Classes_Help","value":"Joukko kansioluokkia, jotka tulevat näkyviin uusia kansiota lisättäessä. Jos kansioluokkia ei ole määritetty, luokat noudetaan palvelimesta. Annetut nimet näkyvät käyttäjälle, arvot vastaavat kunkin kansioluokan symbolisia nimiä."},{"id":null,"key":"CS_GetContent_OnContentReceived","value":"Sisällön vastaanoton yhteydessä"},{"id":null,"key":"CS_GetContent_OnContentReceived_Help","value":"Tapahtuma, joka käynnistyy, jos vastauksessa on palautettu dokumentin sisältö."},{"id":null,"key":"CS_GetContent_OnGetClassAccess","value":"On get class access"},{"id":null,"key":"CS_GetContent_OnGetClassAccess_Help","value":"An event that is fired when the get class access response has returned."},{"id":null,"key":"CS_GetContent_OnPropertiesUpdated","value":"On properties updated"},{"id":null,"key":"CS_GetContent_OnPropertiesUpdated_Help","value":"An event that is fired when the properties have been retrieved and updated in the content item object."},{"id":null,"key":"CS_Height","value":"Korkeus"},{"id":null,"key":"CS_Hide_Time_Picker","value":"Hide time picker when editing date and time values"},{"id":null,"key":"CS_Hide_Time_Picker_Help","value":"When set, hides the interface for editing the time portion of date and time values."},{"id":null,"key":"CS_Modal_OnCancel","value":"On cancel"},{"id":null,"key":"CS_Modal_OnCancel_Help","value":"An event that is fired when the user cancels out of a modal view."},{"id":null,"key":"CS_OK","value":"Ok"},{"id":null,"key":"CS_ObjectStoreName","value":"Objektisäilön nimi"},{"id":null,"key":"CS_ObjectStoreName_Help","value":"Objektisäilön nimi Acce -hallintatyökalusta."},{"id":null,"key":"CS_On_Class_Selected","value":"Luokan valinnan yhteydessä"},{"id":null,"key":"CS_On_Class_Selected_Help","value":"Tapahtuma, joka käynnistyy, kun käyttäjä valitsee luokan."},{"id":null,"key":"CS_ProgressIndicator_OnClose","value":"On close"},{"id":null,"key":"CS_ProgressIndicator_OnClose_Help","value":"Fired when the progress indicator is closed."},{"id":null,"key":"CS_ProgressIndicator_OnFileRemoved","value":"On file removed"},{"id":null,"key":"CS_ProgressIndicator_OnFileRemoved_Help","value":"Fired when a pending file is removed from the progress indicator"},{"id":null,"key":"CS_PropertyList_Display_Edit","value":"Näytä ominaisuuksien arvojen muokkauspainikkeet"},{"id":null,"key":"CS_PropertyList_Display_Edit_Help","value":"Näytä työkalurivin painikkeet, joiden avulla käyttäjät voivat muokata ominaisuuksien arvoja."},{"id":null,"key":"CS_PropertyPoller_OnError","value":"Virheen yhteydessä"},{"id":null,"key":"CS_PropertyPoller_OnError_Help","value":"Käynnistyy, jos ominaisuuskyselyssä ilmenee virhe."},{"id":null,"key":"CS_PropertyPoller_OnResults","value":"On results"},{"id":null,"key":"CS_PropertyPoller_OnResults_Help","value":"Fired when results are received from a poll requests."},{"id":null,"key":"CS_PropertyPoller_OnStatus","value":"Ominaisuuden tietojen palautuessa"},{"id":null,"key":"CS_PropertyPoller_OnStatus_Help","value":"Käynnistyy, kun ominaisuuksien tietoja koskevan palvelinkyselyn tiedot palautuvat."},{"id":null,"key":"CS_Query_ExecuteOnChange","value":"Run search on change"},{"id":null,"key":"CS_Query_ExecuteOnChange_Help","value":"Runs the configured search when the view change event occurs in the component."},{"id":null,"key":"CS_Query_ExecuteOnView","value":"Execute search on view"},{"id":null,"key":"CS_Query_ExecuteOnView_Help","value":"Runs the configured search when the coach view event occurs in the component."},{"id":null,"key":"CS_Query_MaxResults","value":"Maximum results"},{"id":null,"key":"CS_Query_MaxResults_Help","value":"The maximum number of results to return from the query."},{"id":null,"key":"CS_Query_OnError","value":"On error"},{"id":null,"key":"CS_Query_OnError_Help","value":"Fired when an error occurs."},{"id":null,"key":"CS_Query_OnSearchResults","value":"On search results"},{"id":null,"key":"CS_Query_OnSearchResults_Help","value":"Fired when search results are returned from the server."},{"id":null,"key":"CS_Query_ResultProperties","value":"Result properties"},{"id":null,"key":"CS_Query_ResultProperties_Help","value":"Symbolic names of properties returned in the search results."},{"id":null,"key":"CS_Query_SearchValue","value":"Search values"},{"id":null,"key":"CS_Query_SearchValue_Help","value":"The values to search for."},{"id":null,"key":"CS_RepositoryId","value":"Tietovaraston tunnus"},{"id":null,"key":"CS_RepositoryId_Help","value":"Tietovaraston tunnus IBM Navigator -ohjelmasta. Dokumentin katseluohjelma käyttää tätä arvoa."},{"id":null,"key":"CS_Save","value":"Save"},{"id":null,"key":"CS_SelectFiles","value":"Select Files"},{"id":null,"key":"CS_SummaryCard_Details","value":"Details"},{"id":null,"key":"CS_SummaryCard_Details_Help","value":"Displayed in the details section of the summary card."},{"id":null,"key":"CS_SummaryCard_DisplayHelpIcon","value":"Display help icon"},{"id":null,"key":"CS_SummaryCard_DisplayHelpIcon_Help","value":"When checked, displays a help icon in the card."},{"id":null,"key":"CS_SummaryCard_HelpLearnMoreUrl","value":"Help learn more URL"},{"id":null,"key":"CS_SummaryCard_HelpLearnMoreUrl_Help","value":"A link to Learn More information. When set, a button is displayed in the help tooltip that when clicked, displays the page specified in the link."},{"id":null,"key":"CS_SummaryCard_HelpText","value":"Help text"},{"id":null,"key":"CS_SummaryCard_HelpText_Help","value":"Either a message ID or text that is displayed in a tooltip when the user clicks the help icon."},{"id":null,"key":"CS_SummaryCard_OnClick","value":"On click"},{"id":null,"key":"CS_SummaryCard_OnClick_Help","value":"Fired when the summary card is clicked."},{"id":null,"key":"CS_SummaryCard_Title","value":"Title"},{"id":null,"key":"CS_SummaryCard_Title_Help","value":"Displayed as the title of the summary card."},{"id":null,"key":"CS_Upload","value":"Upload"},{"id":null,"key":"CS_UploadContent_OnContentAdded","value":"Sisällön lisäyksen yhteydessä"},{"id":null,"key":"CS_UploadContent_OnContentAdded_Help","value":"Tapahtuma, joka käynnistyy, kun sisältö on siirretty palvelimeen."},{"id":null,"key":"CS_UploadContent_OnError","value":"Virheen yhteydessä"},{"id":null,"key":"CS_UploadContent_OnError_Help","value":"Tapahtuma, joka käynnistyy, jos sisällön siirrossa ilmenee virhe."},{"id":null,"key":"CS_UploadVersion_OnUploadVersion","value":"On upload version"},{"id":null,"key":"CS_UploadVersion_OnUploadVersionHelp","value":"An event that is fired when a new version of the document has been uploaded."},{"id":null,"key":"CS_Width","value":"Leveys"}]}