{"id":"50.adeae4bd-e860-48f8-8f12-9436f7840773/2064.91e0f284-0db5-4f27-994d-d0f601dabca4","localeLanguage":"pl","localeCountry":"","localeVariant":"","localeDisplayName":"CSResource","resourceBundleKey":[{"id":null,"key":"CS_Add","value":"Add"},{"id":null,"key":"CS_BatchContent_AutomationDocType","value":"Automation document type"},{"id":null,"key":"CS_BatchContent_AutomationDocType_Help","value":"The document type to be used when adding or modifying batch documents. If not specified, the value defaults to DbaCaptureBase."},{"id":null,"key":"CS_BatchContent_OnDocumentCheckedOut","value":"On document checked out"},{"id":null,"key":"CS_BatchContent_OnDocumentCheckedOut_Help","value":"An event that is fired when the document has been checked out."},{"id":null,"key":"CS_BatchContent_OnGetProperties","value":"On get properties"},{"id":null,"key":"CS_BatchContent_OnGetProperties_Help","value":"An event that is fired when the properties have been retrieved."},{"id":null,"key":"CS_BatchContent_OnResubmitBatch","value":"On resubmit batch"},{"id":null,"key":"CS_BatchContent_OnResubmitBatch_Help","value":"An event that is fired when the batch has been resubmitted for processing successfully."},{"id":null,"key":"CS_BatchContent_OnRollbackBatch","value":"On rollback batch"},{"id":null,"key":"CS_BatchContent_OnRollbackBatch_Help","value":"An event that is fired when the batch has been rolled back successfully."},{"id":null,"key":"CS_BatchContent_OnSaveBatch","value":"On save batch"},{"id":null,"key":"CS_BatchContent_OnSaveBatch_Help","value":"An event that is fired when the batch has been saved."},{"id":null,"key":"CS_BatchContent_OnSearchResults","value":"On search results"},{"id":null,"key":"CS_BatchContent_OnSearchResults_Help","value":"An event that is fired when the search results have returned successfully."},{"id":null,"key":"CS_BatchContent_OnUpdateBatch","value":"On update batch"},{"id":null,"key":"CS_BatchContent_OnUpdateBatch_Help","value":"An event that is fired when the batch has been updated."},{"id":null,"key":"CS_BatchContent_OnUpdateProperties","value":"On update properties"},{"id":null,"key":"CS_BatchContent_OnUpdateProperties_Help","value":"An event that is fired when the properties have been updated."},{"id":null,"key":"CS_Cancel","value":"Cancel"},{"id":null,"key":"CS_Class_Selector_Svc_Error","value":"Błąd usługi"},{"id":null,"key":"CS_Class_Selector_Svc_Error_Help","value":"Aktywowane, gdy z wywołania usługi zwrócony zostanie błąd."},{"id":null,"key":"CS_ContentListFilter_Cancel","value":"Cancel"},{"id":null,"key":"CS_ContentListFilter_Filter","value":"Filter"},{"id":null,"key":"CS_ContentListFilter_OnCanceFilter","value":"On cancel"},{"id":null,"key":"CS_ContentListFilter_OnCancelFilter_Help","value":"An event that is fired when the cancel button is clicked."},{"id":null,"key":"CS_ContentListFilter_OnFilter","value":"On filter"},{"id":null,"key":"CS_ContentListFilter_OnFilter_Help","value":"An event that is fired when the filter button is clicked."},{"id":null,"key":"CS_ContentListFilter_TypeName","value":"Type name"},{"id":null,"key":"CS_ContentListFilter_TypeName_Help","value":"Search object type."},{"id":null,"key":"CS_ContentList_AcceptFileTypes","value":"Accepted file types"},{"id":null,"key":"CS_ContentList_AcceptFileTypes_Help","value":"Specify the file type extensions that are allowed when adding new documents (for example, .dotx, .pdf, etc). When not specified, all file types are accepted."},{"id":null,"key":"CS_ContentList_Actions","value":"Działania"},{"id":null,"key":"CS_ContentList_AddButton","value":"Dodaj"},{"id":null,"key":"CS_ContentList_Advanced","value":"Zaawansowane"},{"id":null,"key":"CS_ContentList_Behavior","value":"Zachowanie"},{"id":null,"key":"CS_ContentList_Columns","value":"Kolumny"},{"id":null,"key":"CS_ContentList_Columns_Help","value":"Kolumny, które mają być wyświetlane na liście. Określ je, jeśli chcesz uwidocznić kolumny właściwości niestandardowych. W przeciwnym razie używany będzie zestaw domyślny."},{"id":null,"key":"CS_ContentList_ConfigurationProperty","value":"Właściwość konfiguracji"},{"id":null,"key":"CS_ContentList_ConfigurationProperty_Help","value":"Nazwa właściwości, w której dane konfiguracyjne będą przechowywane w formacie JSON."},{"id":null,"key":"CS_ContentList_ConfigurationValues","value":"Wartości konfiguracji"},{"id":null,"key":"CS_ContentList_ContentItems","value":"Elementy treści"},{"id":null,"key":"CS_ContentList_ContentItems_Help","value":"Lista obiektów CSDocument do wyświetlenia. Właściwość id jest jedyną wymaganą właściwością obiektów dokumentów."},{"id":null,"key":"CS_ContentList_ControllerProperty","value":"Controller document property"},{"id":null,"key":"CS_ContentList_ControllerProperty_Help","value":"Name of the object value property in the document class that links to the batch controller."},{"id":null,"key":"CS_ContentList_DisableDnDAdd_Help","value":"Zaznacz to ustawienie, aby wyłączyć możliwość dodawania dokumentów metodą przeciągania i upuszczania."},{"id":null,"key":"CS_ContentList_DisabledValues","value":"Wartości wyłączone"},{"id":null,"key":"CS_ContentList_DisabledValues_Help","value":"Określ wartości właściwości, przy których działania na elementach będą wyłączone."},{"id":null,"key":"CS_ContentList_DisplayProgressIndicator","value":"Wyświetlaj wskaźnik postępu podczas dodawania dokumentów"},{"id":null,"key":"CS_ContentList_DisplayProgressIndicator_Help","value":"Zaznacz tę opcję, aby podczas dodawania dokumentów wyświetlany był wskaźnik postępu."},{"id":null,"key":"CS_ContentList_EnableSearchFilter","value":"Enable search filter"},{"id":null,"key":"CS_ContentList_EnableSearchFilter_Help","value":"Displays the search filter component for specifying multiple search parameters to query against and display the results in the list view."},{"id":null,"key":"CS_ContentList_Enable_Polling","value":"Włącz odpytywanie o status dokumentów"},{"id":null,"key":"CS_ContentList_Enable_Polling_Help","value":"Gdy ta opcja jest ustawiona, status dodawanych dokumentów jest aktualizowany na podstawie odpytywania."},{"id":null,"key":"CS_ContentList_ExtraProperties","value":"Extra properties"},{"id":null,"key":"CS_ContentList_ExtraProperties_Help","value":"Specify additional properties that you want returned with the items in the results set."},{"id":null,"key":"CS_ContentList_Filter_Help","value":"=The property values are combined with an AND operator in the search filter."},{"id":null,"key":"CS_ContentList_Folder","value":"Folder"},{"id":null,"key":"CS_ContentList_FolderId","value":"Id. folderu"},{"id":null,"key":"CS_ContentList_FolderId_Help","value":"Ustaw identyfikator folderu lub ścieżkę, aby zainicjować listę treści z zawartością wskazanego folderu. Ustawienie identyfikatora folderu będzie miało pierwszeństwo przed ustawieniami wyszukiwania."},{"id":null,"key":"CS_ContentList_Height_Help","value":"The height of the content list view window."},{"id":null,"key":"CS_ContentList_HideAction_Help","value":"Zaznacz ustawienie działania, jeśli chcesz usunąć to działanie z menu rozwijanego."},{"id":null,"key":"CS_ContentList_HideAddDialog","value":"Ukryj okno dialogowe dodawania przy dodawaniu dokumentów"},{"id":null,"key":"CS_ContentList_HideAddDialog_Help","value":"Gdy ta opcja jest wybrana i skonfigurowany jest jeden typ dokumentów, dokumenty są dodawane bez wyświetlania okna dialogowego Dodaj dokument."},{"id":null,"key":"CS_ContentList_HideAddDocument","value":"Ukryj funkcję dodawania dokumentu"},{"id":null,"key":"CS_ContentList_HideAddFolder","value":"Ukryj funkcję dodawania folderu"},{"id":null,"key":"CS_ContentList_HideCancelCheckoutDoc","value":"Ukryj funkcję anulowania wypisania dokumentu"},{"id":null,"key":"CS_ContentList_HideCheckoutDocument","value":"Ukryj funkcję wypisania dokumentu"},{"id":null,"key":"CS_ContentList_HideCheckoutState","value":"Ukryj stan wypisania"},{"id":null,"key":"CS_ContentList_HideCheckoutState_Help","value":"Wybierz tę opcję, aby włączyć/wyłączyć wyświetlanie ikony stanu wypisania"},{"id":null,"key":"CS_ContentList_HideDeleteDocument","value":"Ukryj funkcję usuwania dokumentu"},{"id":null,"key":"CS_ContentList_HideDeleteFolder","value":"Ukryj funkcję usuwania folderu"},{"id":null,"key":"CS_ContentList_HideDownloadDocument","value":"Ukryj funkcję pobierania dokumentu"},{"id":null,"key":"CS_ContentList_HideEditDocument","value":"Ukryj funkcję edytowania dokumentu"},{"id":null,"key":"CS_ContentList_HideEditDocumentProps","value":"Ukryj funkcję edytowania właściwości dokumentu"},{"id":null,"key":"CS_ContentList_HideEditFolderProps","value":"Ukryj funkcję edytowania właściwości folderu"},{"id":null,"key":"CS_ContentList_HideRefresh","value":"Hide refresh"},{"id":null,"key":"CS_ContentList_HideRenameFolder","value":"Ukryj funkcję zmiany nazwy folderu"},{"id":null,"key":"CS_ContentList_HideSearchField","value":"Ukryj pole wyszukiwania"},{"id":null,"key":"CS_ContentList_HideSearchField_Help","value":"Nie wyświetlaj pola wyszukiwania. Parametry wyszukiwania są zdefiniowane w ustawieniach konfiguracji."},{"id":null,"key":"CS_ContentList_HideUploadNewVersionDoc","value":"Ukryj opcję przesyłania dokumentu nowej wersji"},{"id":null,"key":"CS_ContentList_HideViewDocument","value":"Ukryj funkcję wyświetlania dokumentu"},{"id":null,"key":"CS_ContentList_IncludeTimeInDates","value":"Uwzględnij godzinę we właściwościach typu data"},{"id":null,"key":"CS_ContentList_IncludeTimeInDates_Help","value":"Wyświetlaj godzinę jako część daty we właściwościach kolumn."},{"id":null,"key":"CS_ContentList_InitialPageSize","value":"Początkowy rozmiar strony"},{"id":null,"key":"CS_ContentList_InitialPageSize_Help","value":"Rozmiar zestawu strony zwracany w celu uwidocznienia listy treści. Domyślny rozmiar strony to 20 pozycji."},{"id":null,"key":"CS_ContentList_OnActionMenuOpen","value":"On action menu open"},{"id":null,"key":"CS_ContentList_OnActionMenuOpen_Help","value":"An event that is fired when the action menu is about to be opened. Passes a folder object with properties."},{"id":null,"key":"CS_ContentList_OnAdd","value":"Przy dodaniu treści"},{"id":null,"key":"CS_ContentList_OnAdd_Help","value":"Zdarzenie aktywowane w momencie dodawania dokumentu lub folderu. Przekazuje obiekt contentItem."},{"id":null,"key":"CS_ContentList_OnAllRowsSelected","value":"On all rows selected"},{"id":null,"key":"CS_ContentList_OnAllRowsSelected_Help","value":"This event is called when the user clicks on the Select All checkbox and the content list is in Multiselect mode. The passed parameter \"selected\" indicates whether all or none of the rows are selected."},{"id":null,"key":"CS_ContentList_OnContextMenuOpen","value":"Przy otwarciu menu kontekstowego"},{"id":null,"key":"CS_ContentList_OnContextMenuOpen_Help","value":"Zdarzenie aktywowane, gdy ma zostać otwarte menu kontekstowe. Przekazuje obiekt treści z właściwościami."},{"id":null,"key":"CS_ContentList_OnError","value":"Przy błędzie"},{"id":null,"key":"CS_ContentList_OnError_Help","value":"Zdarzenie wysyłane, gdy wystąpi błąd usługi."},{"id":null,"key":"CS_ContentList_OnFileClicked","value":"Przy kliknięciu pliku"},{"id":null,"key":"CS_ContentList_OnFileClicked_Help","value":"Zdarzenie aktywowane w momencie wybrania dokumentu w głównej kolumnie. Przekazuje obiekt dokumentu z właściwościami."},{"id":null,"key":"CS_ContentList_OnFolderClicked","value":"Przy kliknięciu folderu"},{"id":null,"key":"CS_ContentList_OnFolderClicked_Help","value":"Zdarzenie aktywowane w momencie wybrania folderu w głównej kolumnie. Przekazuje obiekt folderu z właściwościami."},{"id":null,"key":"CS_ContentList_OnPollResults","value":"On poll results"},{"id":null,"key":"CS_ContentList_OnPollResults_Help","value":"Fired when a poll result containing document status is received."},{"id":null,"key":"CS_ContentList_OnResults","value":"Przy załadowaniu wyników"},{"id":null,"key":"CS_ContentList_OnResults_Help","value":"Zdarzenie wysyłane, gdy z usługi zostaną zwrócone wyniki. Przekazuje listę elementów zaprezentowanych na liście treści."},{"id":null,"key":"CS_ContentList_OnRowSelected","value":"Przy wybraniu wiersza"},{"id":null,"key":"CS_ContentList_OnRowSelected_Help","value":"Zdarzenie aktywowane w momencie wybrania wiersza za pomocą przycisku opcji lub pola wyboru. Przekazuje dodatkowy parametr: row (row.data.contentItem zawiera obiekt dokumentu lub folderu z właściwościami)."},{"id":null,"key":"CS_ContentList_Polling_Exit_Values","value":"Wartości właściwości kończących odpytywanie"},{"id":null,"key":"CS_ContentList_Polling_Exit_Values_Help","value":"Odpytywanie zakończy się, gdy wartość właściwości dokumentu zwrócona z odpytywania będzie jedną ze skonfigurowanych wartości."},{"id":null,"key":"CS_ContentList_Polling_Neg_Exit_Values","value":"Wartości właściwości niekończące odpytywania"},{"id":null,"key":"CS_ContentList_Polling_Neg_Exit_Values_Help","value":"Odpytywanie zakończy się, gdy wartość właściwości dokumentu zwrócona z odpytywania NIE będzie jedną ze skonfigurowanych wartości."},{"id":null,"key":"CS_ContentList_Resources","value":"Resources"},{"id":null,"key":"CS_ContentList_Resources_Help","value":"Set to an external resource bundle to pull in localized string resources for the column headers and the property list filter labels."},{"id":null,"key":"CS_ContentList_RootFolderName","value":"Nazwa folderu głównego"},{"id":null,"key":"CS_ContentList_RootFolderName_Help","value":"Nazwa wyświetlana folderu głównego, która ma być używana zamiast nazwy folderu w repozytorium Content Services."},{"id":null,"key":"CS_ContentList_Search","value":"Szukaj"},{"id":null,"key":"CS_ContentList_SearchFilterProperties","value":"Search filter properties"},{"id":null,"key":"CS_ContentList_SearchFilterProperties_Help","value":"Specify the set of properties you want to query against to populate the list view. The property values are combined with an AND operator in the search filter."},{"id":null,"key":"CS_ContentList_SearchFolderId","value":"Szukaj w identyfikatorze folderu"},{"id":null,"key":"CS_ContentList_SearchFolderId_Help","value":"Identyfikator folderu, w którym ma się rozpocząć wyszukiwanie. Jest to ustawienie opcjonalne, które ograniczy wyszukiwanie do określonego folderu. Jeśli nie jest określone, przeszukiwana jest cała składnica obiektów."},{"id":null,"key":"CS_ContentList_SearchFor","value":"Search for"},{"id":null,"key":"CS_ContentList_SearchFor_Help","value":"Search for document or folder items."},{"id":null,"key":"CS_ContentList_SearchOnlyFolder","value":"Szukaj tylko w tym folderze"},{"id":null,"key":"CS_ContentList_SearchOnlyFolder_Help","value":"Nie uwzględniaj przeszukiwania podfolderów."},{"id":null,"key":"CS_ContentList_SearchOperator","value":"Operator"},{"id":null,"key":"CS_ContentList_SearchOperator_Help","value":"Operator zapytania, który ma być używany, taki jak Rozpoczyna się od, Kończy się na, Podobne, Nie podobne, =, <, >, <>, >=, <= itd.)."},{"id":null,"key":"CS_ContentList_SearchProperty","value":"Szukaj właściwości"},{"id":null,"key":"CS_ContentList_SearchPropertyCardinality","value":"Szukaj liczności właściwości"},{"id":null,"key":"CS_ContentList_SearchPropertyCardinality_Help","value":"Określa, czy właściwość wyszukiwania jest jednowartościowa, czy wielowartościowa."},{"id":null,"key":"CS_ContentList_SearchPropertyType","value":"Szukaj typu właściwości"},{"id":null,"key":"CS_ContentList_SearchPropertyType_Help","value":"Typ danych określonej wyszukiwanej właściwości."},{"id":null,"key":"CS_ContentList_SearchProperty_Help","value":"Symboliczna nazwa właściwości, według której ma odbywać się wyszukiwanie."},{"id":null,"key":"CS_ContentList_SearchRootName","value":"Root search name"},{"id":null,"key":"CS_ContentList_SearchRootName_Help","value":"The root search display name to use on the breadcrumb."},{"id":null,"key":"CS_ContentList_SearchTextOptions","value":"Opcje tekstu"},{"id":null,"key":"CS_ContentList_SearchTextOptions_Help","value":"Skonfiguruj wyszukiwanie, aby uwzględnić zapytanie oparte na treści obok wyszukiwania według określonej właściwości."},{"id":null,"key":"CS_ContentList_SearchType","value":"Search type"},{"id":null,"key":"CS_ContentList_SearchType_Help","value":"Search for objects of a particular type."},{"id":null,"key":"CS_ContentList_SearchValue","value":"Wartość domyślna"},{"id":null,"key":"CS_ContentList_SearchValue_Help","value":"Poszukiwana wartość. W przypadku pozostawienia pustego pola użytkownik może wprowadzić wartość, aby rozpocząć wyszukiwanie w czasie wykonywania."},{"id":null,"key":"CS_ContentList_SecondaryProperty","value":"State secondary property"},{"id":null,"key":"CS_ContentList_SecondaryProperty_Help","value":"Select a property to be used as a custom secondary state property."},{"id":null,"key":"CS_ContentList_SelectionMode","value":"Tryb wyboru"},{"id":null,"key":"CS_ContentList_SelectionMode_Help","value":"Wybór jednego elementu, wielu elementów lub brak wyboru."},{"id":null,"key":"CS_ContentList_ShowCustomState","value":"Pokaż stan niestandardowy"},{"id":null,"key":"CS_ContentList_ShowCustomState_Help","value":"Wybierz tę opcję, aby włączyć/wyłączyć wyświetlanie ikony stanu niestandardowego."},{"id":null,"key":"CS_ContentList_SortOrder","value":"Kolejność sortowania"},{"id":null,"key":"CS_ContentList_SortOrder_Help","value":"Domyślny porządek sortowania, rosnący lub malejący."},{"id":null,"key":"CS_ContentList_SortProperty","value":"Sortuj wg właściwości"},{"id":null,"key":"CS_ContentList_SortProperty_Help","value":"Wybierz właściwość, według której mają być sortowane wyniki."},{"id":null,"key":"CS_ContentList_StateProperty","value":"Właściwość stanu"},{"id":null,"key":"CS_ContentList_StateProperty_Help","value":"Wybierz właściwość, która ma być używana jako niestandardowa właściwość stanu."},{"id":null,"key":"CS_ContentList_Status_Polling_Interval","value":"Interwał odpytywania o status"},{"id":null,"key":"CS_ContentList_Status_Polling_Interval_Help","value":"Liczba sekund między żądaniami odpytywania o status dodanych dokumentów."},{"id":null,"key":"CS_ContentList_Status_Polling_Property","value":"Właściwość statusu odpytywania"},{"id":null,"key":"CS_ContentList_Status_Polling_Property_Help","value":"Właściwość odpytywana w celu uzyskania statusu dodanych dokumentów."},{"id":null,"key":"CS_ContentList_Status_Polling_Timeout","value":"Polling timeout per document"},{"id":null,"key":"CS_ContentList_Status_Polling_Timeout_Help","value":"Number of seconds per document after which polling stops if an exit condition is not met."},{"id":null,"key":"CS_ContentList_TableRowHeight","value":"Wysokość wiersza tabeli"},{"id":null,"key":"CS_ContentList_TableRowHeight_Help","value":"Ustawienie używane do określania wysokości wiersza tabeli z listą treści."},{"id":null,"key":"CS_ContentList_Width_Help","value":"The width of the content list view window."},{"id":null,"key":"CS_ContentLlist_DisableDnDAdd","value":"Wyłącz dodawanie przez przeciąganie i upuszczanie"},{"id":null,"key":"CS_ContentLlist_Polling_Neg_Exit_Values_Help","value":"Odpytywanie zakończy się, gdy wartość właściwości dokumentu zwrócona z odpytywania NIE będzie jedną ze skonfigurowanych wartości."},{"id":null,"key":"CS_ContentViewer_FitHeight","value":"Dopasuj wysokość"},{"id":null,"key":"CS_ContentViewer_FitWidth","value":"Dopasuj szerokość"},{"id":null,"key":"CS_ContentViewer_Height","value":"Wysokość"},{"id":null,"key":"CS_ContentViewer_OnLoad","value":"Przy załadowaniu"},{"id":null,"key":"CS_ContentViewer_Width","value":"Szerokość"},{"id":null,"key":"CS_ContestList_MaxAddDocs_Help","value":"Określ maksymalną liczbę dokumentów, jakie użytkownicy mogą jednorazowo dodać. Domyślna wartość maksymalna to 50 dokumentów. Jednak wartość maksymalną można ustawić nawet na 300."},{"id":null,"key":"CS_DeleteObject_OnDeleteObject","value":"On delete object"},{"id":null,"key":"CS_DeleteObject_OnDeleteObjectHelp","value":"An event that is fired after the object is deleted."},{"id":null,"key":"CS_DepDocPropertiesProperty","value":"Właściwość dokumentu zależnego"},{"id":null,"key":"CS_DepDocPropertiesProperty_Help","value":"Nazwa symboliczna właściwości wartości obiektu wskazująca na dokument zawierający wartości JSON, które mają być wyświetlone."},{"id":null,"key":"CS_DepDocumentProperties_OnError","value":"Przy błędzie"},{"id":null,"key":"CS_DepDocumentProperties_OnError_Help","value":"Zdarzenie aktywowane, gdy wystąpi błąd przy pobierania wartości właściwości."},{"id":null,"key":"CS_DocumentReference_AddDocMode","value":"Add document mode"},{"id":null,"key":"CS_DocumentReference_AddDocMode_Help","value":"Setting that controls the add document process. Select None for no add support, Add no UI will not display any ui and Add with properties will display the add document dialog."},{"id":null,"key":"CS_DocumentReference_AllowsActions","value":"Enable actions"},{"id":null,"key":"CS_DocumentReference_AllowsActions_Help","value":"Enables the drop down context menu of content management actions in the view component."},{"id":null,"key":"CS_DocumentReference_AllowsRemoveDoc","value":"Enable clear document"},{"id":null,"key":"CS_DocumentReference_AllowsRemoveDoc_Help","value":"Enables the clear document action in the view component. This action only clears the document from the view and does not delete it from the repository."},{"id":null,"key":"CS_DocumentReference_DocumentId","value":"Document ID"},{"id":null,"key":"CS_DocumentReference_DocumentId_Help","value":"The ID of the document you want to load into this view."},{"id":null,"key":"CS_DocumentReference_EnableTitleAction","value":"Enable title click action"},{"id":null,"key":"CS_DocumentReference_EnableTitleAction_Help","value":"Enables the document title text to be clickable and runs the first action in the context menu."},{"id":null,"key":"CS_DocumentReference_HelperText","value":"Helper text"},{"id":null,"key":"CS_DocumentReference_HelperText_Help","value":"Helper text displayed below the input field."},{"id":null,"key":"CS_DocumentReference_HintText","value":"Hint text"},{"id":null,"key":"CS_DocumentReference_HintText_Help","value":"Hint text to display in the field when no document is specified."},{"id":null,"key":"CS_DocumentReference_OnClear","value":"On clear"},{"id":null,"key":"CS_DocumentReference_OnClear_Help","value":"An event that is fired when the user invokes the clear action."},{"id":null,"key":"CS_DocumentReference_ViewMode","value":"View mode"},{"id":null,"key":"CS_DocumentReference_ViewMode_Help","value":"Set to Normal to see the document mime type and title, or set to Thumbnail to see the document thumbnail and title."},{"id":null,"key":"CS_Document_Classes","value":"Klasy dokumentów"},{"id":null,"key":"CS_Document_Classes_Help","value":"Zestaw klas dokumentów, które będą wyświetlane przy dodawaniu nowych dokumentów. Gdy nie jest ustawiony, klasy dokumentów są pobierane z serwera. Wprowadzone tutaj nazwy są widoczne dla użytkownika, a wartości odpowiadają nazwom symbolicznym poszczególnych klas dokumentów."},{"id":null,"key":"CS_FileDropZone_AcceptFileTypes","value":"Accepted file types"},{"id":null,"key":"CS_FileDropZone_AcceptFileTypes_Help","value":"Specify the file types that the file drop zone will accept. The files types must be specified as file dot extension strings."},{"id":null,"key":"CS_FileDropZone_DetailMessage","value":"Detail message"},{"id":null,"key":"CS_FileDropZone_DetailMessage_Help","value":"Message string displayed above the file drop zone."},{"id":null,"key":"CS_FileDropZone_DocumentType","value":"Typ dokumentu"},{"id":null,"key":"CS_FileDropZone_DocumentType_Help","value":"Typ dokumentów, który ma być używany przy ich dodawaniu. Jeśli nie zostanie podany, używany będzie domyślny typ Dokument."},{"id":null,"key":"CS_FileDropZone_FolderId_Help","value":"Identyfikator folderu, do którego zostaną dodane dokumenty. Jeśli nie zostanie podany, dokumenty zostaną usunięte z folderu."},{"id":null,"key":"CS_FileDropZone_Height_Help","value":"The height of the file drop zone area."},{"id":null,"key":"CS_FileDropZone_MaxAddDoc","value":"Maximum number of documents to add"},{"id":null,"key":"CS_FileDropZone_MaxAddDoc_Help","value":"Specify the maximum number of documents that users can add at a time. The default maximum is 50."},{"id":null,"key":"CS_FileDropZone_MaxDocumentSize","value":"Max document size"},{"id":null,"key":"CS_FileDropZone_MaxDocumentSize_Help","value":"The maximum document size in KB allowed to be added. The size of 0 is unlimited."},{"id":null,"key":"CS_FileDropZone_Width_Help","value":"The width of the file drop zone area."},{"id":null,"key":"CS_Folder_Classes","value":"Klasy folderu"},{"id":null,"key":"CS_Folder_Classes_Help","value":"Zestaw klas folderów, które będą wyświetlane przy dodawaniu nowych folderów. Gdy nie jest ustawiony, klasy folderów są pobierane z serwera. Wprowadzone tutaj nazwy są widoczne dla użytkownika, a wartości odpowiadają nazwom symbolicznym poszczególnych klas folderów."},{"id":null,"key":"CS_GetContent_OnContentReceived","value":"Przy odebraniu treści"},{"id":null,"key":"CS_GetContent_OnContentReceived_Help","value":"Zdarzenie aktywowane po zwróceniu treści dokumentu w odpowiedzi."},{"id":null,"key":"CS_GetContent_OnGetClassAccess","value":"On get class access"},{"id":null,"key":"CS_GetContent_OnGetClassAccess_Help","value":"An event that is fired when the get class access response has returned."},{"id":null,"key":"CS_GetContent_OnPropertiesUpdated","value":"On properties updated"},{"id":null,"key":"CS_GetContent_OnPropertiesUpdated_Help","value":"An event that is fired when the properties have been retrieved and updated in the content item object."},{"id":null,"key":"CS_Height","value":"Wysokość"},{"id":null,"key":"CS_Hide_Time_Picker","value":"Hide time picker when editing date and time values"},{"id":null,"key":"CS_Hide_Time_Picker_Help","value":"When set, hides the interface for editing the time portion of date and time values."},{"id":null,"key":"CS_Modal_OnCancel","value":"On cancel"},{"id":null,"key":"CS_Modal_OnCancel_Help","value":"An event that is fired when the user cancels out of a modal view."},{"id":null,"key":"CS_OK","value":"Ok"},{"id":null,"key":"CS_ObjectStoreName","value":"Nazwa składnicy obiektów"},{"id":null,"key":"CS_ObjectStoreName_Help","value":"Nazwa składnicy obiektów z narzędzia administracyjnego Acce."},{"id":null,"key":"CS_On_Class_Selected","value":"Przy wybraniu klasy"},{"id":null,"key":"CS_On_Class_Selected_Help","value":"Zdarzenie aktywowane, gdy użytkownik wybiera klasę."},{"id":null,"key":"CS_ProgressIndicator_OnClose","value":"On close"},{"id":null,"key":"CS_ProgressIndicator_OnClose_Help","value":"Fired when the progress indicator is closed."},{"id":null,"key":"CS_ProgressIndicator_OnFileRemoved","value":"On file removed"},{"id":null,"key":"CS_ProgressIndicator_OnFileRemoved_Help","value":"Fired when a pending file is removed from the progress indicator"},{"id":null,"key":"CS_PropertyList_Display_Edit","value":"Wyświetlaj przyciski do edytowania wartości właściwości"},{"id":null,"key":"CS_PropertyList_Display_Edit_Help","value":"Wyświetl na pasku narzędzi przyciski umożliwiające użytkownikom edytowanie wartości właściwości."},{"id":null,"key":"CS_PropertyPoller_OnError","value":"Przy błędzie"},{"id":null,"key":"CS_PropertyPoller_OnError_Help","value":"Aktywowane, gdy podczas odpytywania właściwości wystąpi błąd."},{"id":null,"key":"CS_PropertyPoller_OnResults","value":"On results"},{"id":null,"key":"CS_PropertyPoller_OnResults_Help","value":"Fired when results are received from a poll requests."},{"id":null,"key":"CS_PropertyPoller_OnStatus","value":"Przy zwróceniu informacji o właściwościach"},{"id":null,"key":"CS_PropertyPoller_OnStatus_Help","value":"Aktywowane, gdy zostaną zwrócone dane z odpytywania serwera o informacje dotyczące właściwości."},{"id":null,"key":"CS_Query_ExecuteOnChange","value":"Run search on change"},{"id":null,"key":"CS_Query_ExecuteOnChange_Help","value":"Runs the configured search when the view change event occurs in the component."},{"id":null,"key":"CS_Query_ExecuteOnView","value":"Execute search on view"},{"id":null,"key":"CS_Query_ExecuteOnView_Help","value":"Runs the configured search when the coach view event occurs in the component."},{"id":null,"key":"CS_Query_MaxResults","value":"Maximum results"},{"id":null,"key":"CS_Query_MaxResults_Help","value":"The maximum number of results to return from the query."},{"id":null,"key":"CS_Query_OnError","value":"On error"},{"id":null,"key":"CS_Query_OnError_Help","value":"Fired when an error occurs."},{"id":null,"key":"CS_Query_OnSearchResults","value":"On search results"},{"id":null,"key":"CS_Query_OnSearchResults_Help","value":"Fired when search results are returned from the server."},{"id":null,"key":"CS_Query_ResultProperties","value":"Result properties"},{"id":null,"key":"CS_Query_ResultProperties_Help","value":"Symbolic names of properties returned in the search results."},{"id":null,"key":"CS_Query_SearchValue","value":"Search values"},{"id":null,"key":"CS_Query_SearchValue_Help","value":"The values to search for."},{"id":null,"key":"CS_RepositoryId","value":"Id. repozytorium"},{"id":null,"key":"CS_RepositoryId_Help","value":"Identyfikator repozytorium z programu IBM Navigator. Ta wartość jest używana przez przeglądarkę dokumentów."},{"id":null,"key":"CS_Save","value":"Save"},{"id":null,"key":"CS_SelectFiles","value":"Select Files"},{"id":null,"key":"CS_SummaryCard_Details","value":"Details"},{"id":null,"key":"CS_SummaryCard_Details_Help","value":"Displayed in the details section of the summary card."},{"id":null,"key":"CS_SummaryCard_DisplayHelpIcon","value":"Display help icon"},{"id":null,"key":"CS_SummaryCard_DisplayHelpIcon_Help","value":"When checked, displays a help icon in the card."},{"id":null,"key":"CS_SummaryCard_HelpLearnMoreUrl","value":"Help learn more URL"},{"id":null,"key":"CS_SummaryCard_HelpLearnMoreUrl_Help","value":"A link to Learn More information. When set, a button is displayed in the help tooltip that when clicked, displays the page specified in the link."},{"id":null,"key":"CS_SummaryCard_HelpText","value":"Help text"},{"id":null,"key":"CS_SummaryCard_HelpText_Help","value":"Either a message ID or text that is displayed in a tooltip when the user clicks the help icon."},{"id":null,"key":"CS_SummaryCard_OnClick","value":"On click"},{"id":null,"key":"CS_SummaryCard_OnClick_Help","value":"Fired when the summary card is clicked."},{"id":null,"key":"CS_SummaryCard_Title","value":"Title"},{"id":null,"key":"CS_SummaryCard_Title_Help","value":"Displayed as the title of the summary card."},{"id":null,"key":"CS_Upload","value":"Upload"},{"id":null,"key":"CS_UploadContent_OnContentAdded","value":"Przy dodaniu treści"},{"id":null,"key":"CS_UploadContent_OnContentAdded_Help","value":"Zdarzenie aktywowane po pomyślnym przesłaniu treści."},{"id":null,"key":"CS_UploadContent_OnError","value":"Przy błędzie"},{"id":null,"key":"CS_UploadContent_OnError_Help","value":"Zdarzenie aktywowane, gdy podczas przesyłania treści wystąpi błąd."},{"id":null,"key":"CS_UploadVersion_OnUploadVersion","value":"On upload version"},{"id":null,"key":"CS_UploadVersion_OnUploadVersionHelp","value":"An event that is fired when a new version of the document has been uploaded."},{"id":null,"key":"CS_Width","value":"Szerokość"}]}