{"id":"50.adeae4bd-e860-48f8-8f12-9436f7840773/2064.91e0f284-0db5-4f27-994d-d0f601dabca4","localeLanguage":"pt","localeCountry":"","localeVariant":"","localeDisplayName":"CSResource","resourceBundleKey":[{"id":null,"key":"CS_Add","value":"Add"},{"id":null,"key":"CS_BatchContent_AutomationDocType","value":"Automation document type"},{"id":null,"key":"CS_BatchContent_AutomationDocType_Help","value":"The document type to be used when adding or modifying batch documents. If not specified, the value defaults to DbaCaptureBase."},{"id":null,"key":"CS_BatchContent_OnDocumentCheckedOut","value":"On document checked out"},{"id":null,"key":"CS_BatchContent_OnDocumentCheckedOut_Help","value":"An event that is fired when the document has been checked out."},{"id":null,"key":"CS_BatchContent_OnGetProperties","value":"On get properties"},{"id":null,"key":"CS_BatchContent_OnGetProperties_Help","value":"An event that is fired when the properties have been retrieved."},{"id":null,"key":"CS_BatchContent_OnResubmitBatch","value":"On resubmit batch"},{"id":null,"key":"CS_BatchContent_OnResubmitBatch_Help","value":"An event that is fired when the batch has been resubmitted for processing successfully."},{"id":null,"key":"CS_BatchContent_OnRollbackBatch","value":"On rollback batch"},{"id":null,"key":"CS_BatchContent_OnRollbackBatch_Help","value":"An event that is fired when the batch has been rolled back successfully."},{"id":null,"key":"CS_BatchContent_OnSaveBatch","value":"On save batch"},{"id":null,"key":"CS_BatchContent_OnSaveBatch_Help","value":"An event that is fired when the batch has been saved."},{"id":null,"key":"CS_BatchContent_OnSearchResults","value":"On search results"},{"id":null,"key":"CS_BatchContent_OnSearchResults_Help","value":"An event that is fired when the search results have returned successfully."},{"id":null,"key":"CS_BatchContent_OnUpdateBatch","value":"On update batch"},{"id":null,"key":"CS_BatchContent_OnUpdateBatch_Help","value":"An event that is fired when the batch has been updated."},{"id":null,"key":"CS_BatchContent_OnUpdateProperties","value":"On update properties"},{"id":null,"key":"CS_BatchContent_OnUpdateProperties_Help","value":"An event that is fired when the properties have been updated."},{"id":null,"key":"CS_Cancel","value":"Cancel"},{"id":null,"key":"CS_Class_Selector_Svc_Error","value":"Erro do serviço"},{"id":null,"key":"CS_Class_Selector_Svc_Error_Help","value":"Accionado quando é devolvido um erro da chamada de um serviço."},{"id":null,"key":"CS_ContentListFilter_Cancel","value":"Cancel"},{"id":null,"key":"CS_ContentListFilter_Filter","value":"Filter"},{"id":null,"key":"CS_ContentListFilter_OnCanceFilter","value":"On cancel"},{"id":null,"key":"CS_ContentListFilter_OnCancelFilter_Help","value":"An event that is fired when the cancel button is clicked."},{"id":null,"key":"CS_ContentListFilter_OnFilter","value":"On filter"},{"id":null,"key":"CS_ContentListFilter_OnFilter_Help","value":"An event that is fired when the filter button is clicked."},{"id":null,"key":"CS_ContentListFilter_TypeName","value":"Type name"},{"id":null,"key":"CS_ContentListFilter_TypeName_Help","value":"Search object type."},{"id":null,"key":"CS_ContentList_AcceptFileTypes","value":"Accepted file types"},{"id":null,"key":"CS_ContentList_AcceptFileTypes_Help","value":"Specify the file type extensions that are allowed when adding new documents (for example, .dotx, .pdf, etc). When not specified, all file types are accepted."},{"id":null,"key":"CS_ContentList_Actions","value":"Acções"},{"id":null,"key":"CS_ContentList_AddButton","value":"Adicionar"},{"id":null,"key":"CS_ContentList_Advanced","value":"Avançado"},{"id":null,"key":"CS_ContentList_Behavior","value":"Comportamento"},{"id":null,"key":"CS_ContentList_Columns","value":"Colunas"},{"id":null,"key":"CS_ContentList_Columns_Help","value":"As colunas a apresentar na lista. Defina estas colunas se pretender ter as suas próprias propriedades de colunas personalizadas, caso contrário é utilizado um conjunto predefinido."},{"id":null,"key":"CS_ContentList_ConfigurationProperty","value":"Propriedade de configuração"},{"id":null,"key":"CS_ContentList_ConfigurationProperty_Help","value":"Nome de uma propriedade onde os dados de configuração serão armazenados em formato JSON."},{"id":null,"key":"CS_ContentList_ConfigurationValues","value":"Valores de configuração"},{"id":null,"key":"CS_ContentList_ContentItems","value":"Itens de conteúdo"},{"id":null,"key":"CS_ContentList_ContentItems_Help","value":"Lista de objectos CSDocument a apresentar. A propriedade id é a única propriedade requerida dos objectos de documento."},{"id":null,"key":"CS_ContentList_ControllerProperty","value":"Controller document property"},{"id":null,"key":"CS_ContentList_ControllerProperty_Help","value":"Name of the object value property in the document class that links to the batch controller."},{"id":null,"key":"CS_ContentList_DisableDnDAdd_Help","value":"Seleccionar esta definição para desactivar a adição de documentos com arrastar e largar."},{"id":null,"key":"CS_ContentList_DisabledValues","value":"Valores desactivados"},{"id":null,"key":"CS_ContentList_DisabledValues_Help","value":"Especificar os valores de propriedade para os quais as acções de itens serão desactivadas."},{"id":null,"key":"CS_ContentList_DisplayProgressIndicator","value":"Apresentar o indicador de progresso quando adicionar documentos"},{"id":null,"key":"CS_ContentList_DisplayProgressIndicator_Help","value":"Verifique esta opção para apresentar um indicador de progresso quando adicionar documentos."},{"id":null,"key":"CS_ContentList_EnableSearchFilter","value":"Enable search filter"},{"id":null,"key":"CS_ContentList_EnableSearchFilter_Help","value":"Displays the search filter component for specifying multiple search parameters to query against and display the results in the list view."},{"id":null,"key":"CS_ContentList_Enable_Polling","value":"Activar a consulta para o estado do documento"},{"id":null,"key":"CS_ContentList_Enable_Polling_Help","value":"Quando definido, a consulta é utilizada para actualizar o estado dos documentos adicionados."},{"id":null,"key":"CS_ContentList_ExtraProperties","value":"Extra properties"},{"id":null,"key":"CS_ContentList_ExtraProperties_Help","value":"Specify additional properties that you want returned with the items in the results set."},{"id":null,"key":"CS_ContentList_Filter_Help","value":"=The property values are combined with an AND operator in the search filter."},{"id":null,"key":"CS_ContentList_Folder","value":"Pasta"},{"id":null,"key":"CS_ContentList_FolderId","value":"ID de pasta"},{"id":null,"key":"CS_ContentList_FolderId_Help","value":"Defina o ID da pasta ou caminho para inicializar a lista de conteúdo com os conteúdos da pasta especificada. A definição do ID da pasta terá precedência sobre as definições de procura."},{"id":null,"key":"CS_ContentList_Height_Help","value":"The height of the content list view window."},{"id":null,"key":"CS_ContentList_HideAction_Help","value":"Se pretender remover esta acção do menu pendente, verifique a definição de acção."},{"id":null,"key":"CS_ContentList_HideAddDialog","value":"Ocultar caixa de diálogo adicionar quando adicionar documentos"},{"id":null,"key":"CS_ContentList_HideAddDialog_Help","value":"Quando esta opção é seleccionada e está configurado um único tipo de documento, os documentos são adicionados sem apresentar a caixa de diálogo Adicionar Documento."},{"id":null,"key":"CS_ContentList_HideAddDocument","value":"Ocultar adicionar documento"},{"id":null,"key":"CS_ContentList_HideAddFolder","value":"Ocultar adicionar pasta"},{"id":null,"key":"CS_ContentList_HideCancelCheckoutDoc","value":"Ocultar cancelar saída de documento"},{"id":null,"key":"CS_ContentList_HideCheckoutDocument","value":"Ocultar saída de documento"},{"id":null,"key":"CS_ContentList_HideCheckoutState","value":"Ocultar estado da saída"},{"id":null,"key":"CS_ContentList_HideCheckoutState_Help","value":"Seleccionar esta opção para activar/desactivar o ícone de estado de saída a apresentar."},{"id":null,"key":"CS_ContentList_HideDeleteDocument","value":"Ocultar eliminar documento"},{"id":null,"key":"CS_ContentList_HideDeleteFolder","value":"Ocultar eliminar pasta"},{"id":null,"key":"CS_ContentList_HideDownloadDocument","value":"Ocultar descarregar documento"},{"id":null,"key":"CS_ContentList_HideEditDocument","value":"Ocultar editar documento"},{"id":null,"key":"CS_ContentList_HideEditDocumentProps","value":"Ocultar editar propriedades de documento"},{"id":null,"key":"CS_ContentList_HideEditFolderProps","value":"Ocultar editar propriedades de pasta"},{"id":null,"key":"CS_ContentList_HideRefresh","value":"Hide refresh"},{"id":null,"key":"CS_ContentList_HideRenameFolder","value":"Ocultar mudança de nome de pasta"},{"id":null,"key":"CS_ContentList_HideSearchField","value":"Ocultar campo de procura"},{"id":null,"key":"CS_ContentList_HideSearchField_Help","value":"Não apresentar o campo de procura. Os parâmetros de procura são definidos nas definições da configuração."},{"id":null,"key":"CS_ContentList_HideUploadNewVersionDoc","value":"Ocultar Carregar nova versão de documento"},{"id":null,"key":"CS_ContentList_HideViewDocument","value":"Ocultar visualizar documento"},{"id":null,"key":"CS_ContentList_IncludeTimeInDates","value":"Incluir hora nas propriedades de data"},{"id":null,"key":"CS_ContentList_IncludeTimeInDates_Help","value":"Apresentar parte da hora do valor de data nas propriedades da coluna."},{"id":null,"key":"CS_ContentList_InitialPageSize","value":"Tamanho de página inicial"},{"id":null,"key":"CS_ContentList_InitialPageSize_Help","value":"O tamanho do conjunto de resultados devolvido para apresentar na lista de conteúdo. O tamanho predefinido da página é 20 itens."},{"id":null,"key":"CS_ContentList_OnActionMenuOpen","value":"On action menu open"},{"id":null,"key":"CS_ContentList_OnActionMenuOpen_Help","value":"An event that is fired when the action menu is about to be opened. Passes a folder object with properties."},{"id":null,"key":"CS_ContentList_OnAdd","value":"No conteúdo adicionado"},{"id":null,"key":"CS_ContentList_OnAdd_Help","value":"O evento que é accionado quando um documento ou pasta é adicionado. Passa um objecto contentItem."},{"id":null,"key":"CS_ContentList_OnAllRowsSelected","value":"On all rows selected"},{"id":null,"key":"CS_ContentList_OnAllRowsSelected_Help","value":"This event is called when the user clicks on the Select All checkbox and the content list is in Multiselect mode. The passed parameter \"selected\" indicates whether all or none of the rows are selected."},{"id":null,"key":"CS_ContentList_OnContextMenuOpen","value":"Na abertura do menu de contexto"},{"id":null,"key":"CS_ContentList_OnContextMenuOpen_Help","value":"Um evento que é accionado quando o menu de contexto está prestes a ser aberto. Passa um objecto de conteúdo com propriedades."},{"id":null,"key":"CS_ContentList_OnError","value":"No erro"},{"id":null,"key":"CS_ContentList_OnError_Help","value":"O evento que é enviado quando ocorre um erro de serviço."},{"id":null,"key":"CS_ContentList_OnFileClicked","value":"No clique no ficheiro"},{"id":null,"key":"CS_ContentList_OnFileClicked_Help","value":"O evento que é accionado quando um documento é seleccionado na coluna principal. Passa um objecto de documento com propriedades."},{"id":null,"key":"CS_ContentList_OnFolderClicked","value":"No clique na pasta"},{"id":null,"key":"CS_ContentList_OnFolderClicked_Help","value":"Um evento que é accionado quando uma pasta é seleccionada na coluna principal. Passa um objecto de pasta com propriedades."},{"id":null,"key":"CS_ContentList_OnPollResults","value":"On poll results"},{"id":null,"key":"CS_ContentList_OnPollResults_Help","value":"Fired when a poll result containing document status is received."},{"id":null,"key":"CS_ContentList_OnResults","value":"No carregamento de resultados"},{"id":null,"key":"CS_ContentList_OnResults_Help","value":"O evento que é enviado quando foram devolvidos resultados a partir de um serviço. Passa uma lista de itens que foram apresentados na lista de conteúdo."},{"id":null,"key":"CS_ContentList_OnRowSelected","value":"Na linha seleccionada"},{"id":null,"key":"CS_ContentList_OnRowSelected_Help","value":"O evento que é accionado quando uma linha é seleccionada através de um botão de opção ou caixa de verificação. Passa o parâmetro adicional: row (row.data.contentItem contém o objecto da pasta ou documento com propriedades)."},{"id":null,"key":"CS_ContentList_Polling_Exit_Values","value":"A consultar valores de propriedades de saída"},{"id":null,"key":"CS_ContentList_Polling_Exit_Values_Help","value":"A consulta terminará quando o valor de propriedade de documento devolvido da consulta for um dos valores configurados."},{"id":null,"key":"CS_ContentList_Polling_Neg_Exit_Values","value":"A consultar valores de propriedades de saída negativos"},{"id":null,"key":"CS_ContentList_Polling_Neg_Exit_Values_Help","value":"A consulta terminará quando o valor de propriedade de documento devolvido da consulta NÃO for um dos valores configurados."},{"id":null,"key":"CS_ContentList_Resources","value":"Resources"},{"id":null,"key":"CS_ContentList_Resources_Help","value":"Set to an external resource bundle to pull in localized string resources for the column headers and the property list filter labels."},{"id":null,"key":"CS_ContentList_RootFolderName","value":"Nome da pasta raiz"},{"id":null,"key":"CS_ContentList_RootFolderName_Help","value":"O nome de apresentação da pasta raiz a utilizar em alternativa ao nome da pasta no repositório de Serviços de Conteúdo."},{"id":null,"key":"CS_ContentList_Search","value":"Procurar"},{"id":null,"key":"CS_ContentList_SearchFilterProperties","value":"Search filter properties"},{"id":null,"key":"CS_ContentList_SearchFilterProperties_Help","value":"Specify the set of properties you want to query against to populate the list view. The property values are combined with an AND operator in the search filter."},{"id":null,"key":"CS_ContentList_SearchFolderId","value":"Procurar no ID de pasta"},{"id":null,"key":"CS_ContentList_SearchFolderId_Help","value":"O ID de pasta da pasta em que começa a procura. Esta é uma definição opcional que restringirá a procura à pasta especificada. Se não for definida, a procura é efectuada sobre todo o armazenamento de objectos."},{"id":null,"key":"CS_ContentList_SearchFor","value":"Search for"},{"id":null,"key":"CS_ContentList_SearchFor_Help","value":"Search for document or folder items."},{"id":null,"key":"CS_ContentList_SearchOnlyFolder","value":"Procurar apenas nesta pasta"},{"id":null,"key":"CS_ContentList_SearchOnlyFolder_Help","value":"Não incluir a procura em subpastas."},{"id":null,"key":"CS_ContentList_SearchOperator","value":"Operador"},{"id":null,"key":"CS_ContentList_SearchOperator_Help","value":"O operador de consulta que pretende utilizar, tal como Começa com, Termina com, Como, Não como, =, <, >, <>, >=, <=, etc.)."},{"id":null,"key":"CS_ContentList_SearchProperty","value":"Procurar propriedade"},{"id":null,"key":"CS_ContentList_SearchPropertyCardinality","value":"Cardinalidade da propriedade de procura"},{"id":null,"key":"CS_ContentList_SearchPropertyCardinality_Help","value":"Especifica se a propriedade de procura tem um valor único ou múltiplo."},{"id":null,"key":"CS_ContentList_SearchPropertyType","value":"Procurar tipo de propriedade"},{"id":null,"key":"CS_ContentList_SearchPropertyType_Help","value":"O tipo de dados da propriedade de procura especificada."},{"id":null,"key":"CS_ContentList_SearchProperty_Help","value":"O nome de propriedade simbólica da propriedade que pretende procurar."},{"id":null,"key":"CS_ContentList_SearchRootName","value":"Root search name"},{"id":null,"key":"CS_ContentList_SearchRootName_Help","value":"The root search display name to use on the breadcrumb."},{"id":null,"key":"CS_ContentList_SearchTextOptions","value":"Opções de Texto"},{"id":null,"key":"CS_ContentList_SearchTextOptions_Help","value":"Configurar a procura para incluir uma consulta baseada no conteúdo adicionalmente à procura de propriedade especificada."},{"id":null,"key":"CS_ContentList_SearchType","value":"Search type"},{"id":null,"key":"CS_ContentList_SearchType_Help","value":"Search for objects of a particular type."},{"id":null,"key":"CS_ContentList_SearchValue","value":"Valor predefinido"},{"id":null,"key":"CS_ContentList_SearchValue_Help","value":"O valor a procurar. Se ficar em branco, os utilizadores podem introduzir um valor para chamar a procura em tempo de execução."},{"id":null,"key":"CS_ContentList_SecondaryProperty","value":"State secondary property"},{"id":null,"key":"CS_ContentList_SecondaryProperty_Help","value":"Select a property to be used as a custom secondary state property."},{"id":null,"key":"CS_ContentList_SelectionMode","value":"Modo de selecção"},{"id":null,"key":"CS_ContentList_SelectionMode_Help","value":"Selecção única, selecção múltipla ou nenhuma."},{"id":null,"key":"CS_ContentList_ShowCustomState","value":"Mostrar estado personalizado"},{"id":null,"key":"CS_ContentList_ShowCustomState_Help","value":"Seleccionar esta opção para activar/desactivar um ícone de estado personalizado a apresentar."},{"id":null,"key":"CS_ContentList_SortOrder","value":"Ordenação"},{"id":null,"key":"CS_ContentList_SortOrder_Help","value":"Direcção de ordenação predefinida, ascendente ou descendente."},{"id":null,"key":"CS_ContentList_SortProperty","value":"Ordenar por propriedade"},{"id":null,"key":"CS_ContentList_SortProperty_Help","value":"Seleccionar a propriedade a utilizar para a ordenação do conjunto de resultados."},{"id":null,"key":"CS_ContentList_StateProperty","value":"Propriedade de Estado"},{"id":null,"key":"CS_ContentList_StateProperty_Help","value":"Seleccionar uma propriedade a ser utilizada como propriedade de estado personalizada."},{"id":null,"key":"CS_ContentList_Status_Polling_Interval","value":"Intervalo de consulta de estado"},{"id":null,"key":"CS_ContentList_Status_Polling_Interval_Help","value":"Número de segundos entre pedidos para consultar o estado dos documentos adicionados."},{"id":null,"key":"CS_ContentList_Status_Polling_Property","value":"A consulta propriedade de estado"},{"id":null,"key":"CS_ContentList_Status_Polling_Property_Help","value":"A propriedade que é consultada para obter o estado dos documentos adicionados."},{"id":null,"key":"CS_ContentList_Status_Polling_Timeout","value":"Polling timeout per document"},{"id":null,"key":"CS_ContentList_Status_Polling_Timeout_Help","value":"Number of seconds per document after which polling stops if an exit condition is not met."},{"id":null,"key":"CS_ContentList_TableRowHeight","value":"Altura da linha da tabela"},{"id":null,"key":"CS_ContentList_TableRowHeight_Help","value":"A definição utilizada para especificar a altura da linha da tabela da lista de conteúdo."},{"id":null,"key":"CS_ContentList_Width_Help","value":"The width of the content list view window."},{"id":null,"key":"CS_ContentLlist_DisableDnDAdd","value":"Desactivar adição com arrastar e largar"},{"id":null,"key":"CS_ContentLlist_Polling_Neg_Exit_Values_Help","value":"A consulta terminará quando o valor de propriedade de documento devolvido da consulta NÃO for um dos valores configurados."},{"id":null,"key":"CS_ContentViewer_FitHeight","value":"Ajustar Altura"},{"id":null,"key":"CS_ContentViewer_FitWidth","value":"Ajustar largura"},{"id":null,"key":"CS_ContentViewer_Height","value":"Altura"},{"id":null,"key":"CS_ContentViewer_OnLoad","value":"Ao carregar"},{"id":null,"key":"CS_ContentViewer_Width","value":"Largura"},{"id":null,"key":"CS_ContestList_MaxAddDocs_Help","value":"Especifique o número máximo de documentos que os utilizadores podem adicionar de cada vez. O máximo predefinido é 50. Contudo, pode definir o valor máximo até 300."},{"id":null,"key":"CS_DeleteObject_OnDeleteObject","value":"On delete object"},{"id":null,"key":"CS_DeleteObject_OnDeleteObjectHelp","value":"An event that is fired after the object is deleted."},{"id":null,"key":"CS_DepDocPropertiesProperty","value":"Propriedade de documento dependente"},{"id":null,"key":"CS_DepDocPropertiesProperty_Help","value":"O nome simbólico da propriedade de valor de objecto que aponta para o documento que contém os valores de JSON a apresentar."},{"id":null,"key":"CS_DepDocumentProperties_OnError","value":"No erro"},{"id":null,"key":"CS_DepDocumentProperties_OnError_Help","value":"Um evento accionado quando ocorre um erro ao obter valores de propriedade."},{"id":null,"key":"CS_DocumentReference_AddDocMode","value":"Add document mode"},{"id":null,"key":"CS_DocumentReference_AddDocMode_Help","value":"Setting that controls the add document process. Select None for no add support, Add no UI will not display any ui and Add with properties will display the add document dialog."},{"id":null,"key":"CS_DocumentReference_AllowsActions","value":"Enable actions"},{"id":null,"key":"CS_DocumentReference_AllowsActions_Help","value":"Enables the drop down context menu of content management actions in the view component."},{"id":null,"key":"CS_DocumentReference_AllowsRemoveDoc","value":"Enable clear document"},{"id":null,"key":"CS_DocumentReference_AllowsRemoveDoc_Help","value":"Enables the clear document action in the view component. This action only clears the document from the view and does not delete it from the repository."},{"id":null,"key":"CS_DocumentReference_DocumentId","value":"Document ID"},{"id":null,"key":"CS_DocumentReference_DocumentId_Help","value":"The ID of the document you want to load into this view."},{"id":null,"key":"CS_DocumentReference_EnableTitleAction","value":"Enable title click action"},{"id":null,"key":"CS_DocumentReference_EnableTitleAction_Help","value":"Enables the document title text to be clickable and runs the first action in the context menu."},{"id":null,"key":"CS_DocumentReference_HelperText","value":"Helper text"},{"id":null,"key":"CS_DocumentReference_HelperText_Help","value":"Helper text displayed below the input field."},{"id":null,"key":"CS_DocumentReference_HintText","value":"Hint text"},{"id":null,"key":"CS_DocumentReference_HintText_Help","value":"Hint text to display in the field when no document is specified."},{"id":null,"key":"CS_DocumentReference_OnClear","value":"On clear"},{"id":null,"key":"CS_DocumentReference_OnClear_Help","value":"An event that is fired when the user invokes the clear action."},{"id":null,"key":"CS_DocumentReference_ViewMode","value":"View mode"},{"id":null,"key":"CS_DocumentReference_ViewMode_Help","value":"Set to Normal to see the document mime type and title, or set to Thumbnail to see the document thumbnail and title."},{"id":null,"key":"CS_Document_Classes","value":"Classes de documento"},{"id":null,"key":"CS_Document_Classes_Help","value":"Um conjunto de classes de documentos que será apresentado quando adicionar novos documentos. Quando não estiver definido, as classes de documentos são obtidas a partir do servidor. Os nomes aqui introduzidos são apresentados ao utilizador, os valores correspondem ao nome simbólico de cada classe de documentos."},{"id":null,"key":"CS_FileDropZone_AcceptFileTypes","value":"Accepted file types"},{"id":null,"key":"CS_FileDropZone_AcceptFileTypes_Help","value":"Specify the file types that the file drop zone will accept. The files types must be specified as file dot extension strings."},{"id":null,"key":"CS_FileDropZone_DetailMessage","value":"Detail message"},{"id":null,"key":"CS_FileDropZone_DetailMessage_Help","value":"Message string displayed above the file drop zone."},{"id":null,"key":"CS_FileDropZone_DocumentType","value":"Tipo de documento"},{"id":null,"key":"CS_FileDropZone_DocumentType_Help","value":"Tipo de documento a utilizar quando adicionar documentos. Se não for definido, será utilizado o tipo de documento predefinido."},{"id":null,"key":"CS_FileDropZone_FolderId_Help","value":"ID de pasta da pasta onde os documentos serão adicionados. Se não foi especificado, os documentos não serão arquivados."},{"id":null,"key":"CS_FileDropZone_Height_Help","value":"The height of the file drop zone area."},{"id":null,"key":"CS_FileDropZone_MaxAddDoc","value":"Maximum number of documents to add"},{"id":null,"key":"CS_FileDropZone_MaxAddDoc_Help","value":"Specify the maximum number of documents that users can add at a time. The default maximum is 50."},{"id":null,"key":"CS_FileDropZone_MaxDocumentSize","value":"Max document size"},{"id":null,"key":"CS_FileDropZone_MaxDocumentSize_Help","value":"The maximum document size in KB allowed to be added. The size of 0 is unlimited."},{"id":null,"key":"CS_FileDropZone_Width_Help","value":"The width of the file drop zone area."},{"id":null,"key":"CS_Folder_Classes","value":"Classes de pastas"},{"id":null,"key":"CS_Folder_Classes_Help","value":"Um conjunto de classes de pastas que será apresentado quando adicionar novas pastas. Quando não estiver definido, as classes de pastas são obtidas a partir do servidor. Os nomes aqui introduzidos são apresentados ao utilizador, os valores correspondem aos nomes simbólicos de cada classe de pastas."},{"id":null,"key":"CS_GetContent_OnContentReceived","value":"No conteúdo recebido"},{"id":null,"key":"CS_GetContent_OnContentReceived_Help","value":"Um evento que é accionado quando o conteúdo do documento foi devolvido na resposta."},{"id":null,"key":"CS_GetContent_OnGetClassAccess","value":"On get class access"},{"id":null,"key":"CS_GetContent_OnGetClassAccess_Help","value":"An event that is fired when the get class access response has returned."},{"id":null,"key":"CS_GetContent_OnPropertiesUpdated","value":"On properties updated"},{"id":null,"key":"CS_GetContent_OnPropertiesUpdated_Help","value":"An event that is fired when the properties have been retrieved and updated in the content item object."},{"id":null,"key":"CS_Height","value":"Altura"},{"id":null,"key":"CS_Hide_Time_Picker","value":"Hide time picker when editing date and time values"},{"id":null,"key":"CS_Hide_Time_Picker_Help","value":"When set, hides the interface for editing the time portion of date and time values."},{"id":null,"key":"CS_Modal_OnCancel","value":"On cancel"},{"id":null,"key":"CS_Modal_OnCancel_Help","value":"An event that is fired when the user cancels out of a modal view."},{"id":null,"key":"CS_OK","value":"Ok"},{"id":null,"key":"CS_ObjectStoreName","value":"Nome do armazenamento de objectos"},{"id":null,"key":"CS_ObjectStoreName_Help","value":"Nome do armazenamento de objectos na ferramenta de administração de Acce."},{"id":null,"key":"CS_On_Class_Selected","value":"Na classe seleccionada"},{"id":null,"key":"CS_On_Class_Selected_Help","value":"O evento que é accionado quando o utilizador selecciona uma classe."},{"id":null,"key":"CS_ProgressIndicator_OnClose","value":"On close"},{"id":null,"key":"CS_ProgressIndicator_OnClose_Help","value":"Fired when the progress indicator is closed."},{"id":null,"key":"CS_ProgressIndicator_OnFileRemoved","value":"On file removed"},{"id":null,"key":"CS_ProgressIndicator_OnFileRemoved_Help","value":"Fired when a pending file is removed from the progress indicator"},{"id":null,"key":"CS_PropertyList_Display_Edit","value":"Mostrar botões para editar valores de propriedades"},{"id":null,"key":"CS_PropertyList_Display_Edit_Help","value":"Mostrar botões numa barra de ferramentas que permite aos utilizadores editar valores de propriedade."},{"id":null,"key":"CS_PropertyPoller_OnError","value":"No erro"},{"id":null,"key":"CS_PropertyPoller_OnError_Help","value":"Accionado quando ocorre um erro ao consultar uma propriedade."},{"id":null,"key":"CS_PropertyPoller_OnResults","value":"On results"},{"id":null,"key":"CS_PropertyPoller_OnResults_Help","value":"Fired when results are received from a poll requests."},{"id":null,"key":"CS_PropertyPoller_OnStatus","value":"Na devolução de informações de propriedade"},{"id":null,"key":"CS_PropertyPoller_OnStatus_Help","value":"Accionado quando são devolvidos dados da consulta ao servidor sobre informações de propriedade."},{"id":null,"key":"CS_Query_ExecuteOnChange","value":"Run search on change"},{"id":null,"key":"CS_Query_ExecuteOnChange_Help","value":"Runs the configured search when the view change event occurs in the component."},{"id":null,"key":"CS_Query_ExecuteOnView","value":"Execute search on view"},{"id":null,"key":"CS_Query_ExecuteOnView_Help","value":"Runs the configured search when the coach view event occurs in the component."},{"id":null,"key":"CS_Query_MaxResults","value":"Maximum results"},{"id":null,"key":"CS_Query_MaxResults_Help","value":"The maximum number of results to return from the query."},{"id":null,"key":"CS_Query_OnError","value":"On error"},{"id":null,"key":"CS_Query_OnError_Help","value":"Fired when an error occurs."},{"id":null,"key":"CS_Query_OnSearchResults","value":"On search results"},{"id":null,"key":"CS_Query_OnSearchResults_Help","value":"Fired when search results are returned from the server."},{"id":null,"key":"CS_Query_ResultProperties","value":"Result properties"},{"id":null,"key":"CS_Query_ResultProperties_Help","value":"Symbolic names of properties returned in the search results."},{"id":null,"key":"CS_Query_SearchValue","value":"Search values"},{"id":null,"key":"CS_Query_SearchValue_Help","value":"The values to search for."},{"id":null,"key":"CS_RepositoryId","value":"ID do repositório"},{"id":null,"key":"CS_RepositoryId_Help","value":"O ID de repositório no IBM Navigator. Este valor é utilizado pelo visualizador de documentos."},{"id":null,"key":"CS_Save","value":"Save"},{"id":null,"key":"CS_SelectFiles","value":"Select Files"},{"id":null,"key":"CS_SummaryCard_Details","value":"Details"},{"id":null,"key":"CS_SummaryCard_Details_Help","value":"Displayed in the details section of the summary card."},{"id":null,"key":"CS_SummaryCard_DisplayHelpIcon","value":"Display help icon"},{"id":null,"key":"CS_SummaryCard_DisplayHelpIcon_Help","value":"When checked, displays a help icon in the card."},{"id":null,"key":"CS_SummaryCard_HelpLearnMoreUrl","value":"Help learn more URL"},{"id":null,"key":"CS_SummaryCard_HelpLearnMoreUrl_Help","value":"A link to Learn More information. When set, a button is displayed in the help tooltip that when clicked, displays the page specified in the link."},{"id":null,"key":"CS_SummaryCard_HelpText","value":"Help text"},{"id":null,"key":"CS_SummaryCard_HelpText_Help","value":"Either a message ID or text that is displayed in a tooltip when the user clicks the help icon."},{"id":null,"key":"CS_SummaryCard_OnClick","value":"On click"},{"id":null,"key":"CS_SummaryCard_OnClick_Help","value":"Fired when the summary card is clicked."},{"id":null,"key":"CS_SummaryCard_Title","value":"Title"},{"id":null,"key":"CS_SummaryCard_Title_Help","value":"Displayed as the title of the summary card."},{"id":null,"key":"CS_Upload","value":"Upload"},{"id":null,"key":"CS_UploadContent_OnContentAdded","value":"No conteúdo adicionado"},{"id":null,"key":"CS_UploadContent_OnContentAdded_Help","value":"Um evento accionado quando o conteúdo é carregado com êxito."},{"id":null,"key":"CS_UploadContent_OnError","value":"No erro"},{"id":null,"key":"CS_UploadContent_OnError_Help","value":"Um evento accionado quando ocorre um erro ao carregar conteúdo."},{"id":null,"key":"CS_UploadVersion_OnUploadVersion","value":"On upload version"},{"id":null,"key":"CS_UploadVersion_OnUploadVersionHelp","value":"An event that is fired when a new version of the document has been uploaded."},{"id":null,"key":"CS_Width","value":"Largura"}]}