{"id":"50.adeae4bd-e860-48f8-8f12-9436f7840773/2064.91e0f284-0db5-4f27-994d-d0f601dabca4","localeLanguage":"sl","localeCountry":"","localeVariant":"","localeDisplayName":"CSResource","resourceBundleKey":[{"id":null,"key":"CS_Add","value":"Add"},{"id":null,"key":"CS_BatchContent_AutomationDocType","value":"Automation document type"},{"id":null,"key":"CS_BatchContent_AutomationDocType_Help","value":"The document type to be used when adding or modifying batch documents. If not specified, the value defaults to DbaCaptureBase."},{"id":null,"key":"CS_BatchContent_OnDocumentCheckedOut","value":"On document checked out"},{"id":null,"key":"CS_BatchContent_OnDocumentCheckedOut_Help","value":"An event that is fired when the document has been checked out."},{"id":null,"key":"CS_BatchContent_OnGetProperties","value":"On get properties"},{"id":null,"key":"CS_BatchContent_OnGetProperties_Help","value":"An event that is fired when the properties have been retrieved."},{"id":null,"key":"CS_BatchContent_OnResubmitBatch","value":"On resubmit batch"},{"id":null,"key":"CS_BatchContent_OnResubmitBatch_Help","value":"An event that is fired when the batch has been resubmitted for processing successfully."},{"id":null,"key":"CS_BatchContent_OnRollbackBatch","value":"On rollback batch"},{"id":null,"key":"CS_BatchContent_OnRollbackBatch_Help","value":"An event that is fired when the batch has been rolled back successfully."},{"id":null,"key":"CS_BatchContent_OnSaveBatch","value":"On save batch"},{"id":null,"key":"CS_BatchContent_OnSaveBatch_Help","value":"An event that is fired when the batch has been saved."},{"id":null,"key":"CS_BatchContent_OnSearchResults","value":"On search results"},{"id":null,"key":"CS_BatchContent_OnSearchResults_Help","value":"An event that is fired when the search results have returned successfully."},{"id":null,"key":"CS_BatchContent_OnUpdateBatch","value":"On update batch"},{"id":null,"key":"CS_BatchContent_OnUpdateBatch_Help","value":"An event that is fired when the batch has been updated."},{"id":null,"key":"CS_BatchContent_OnUpdateProperties","value":"On update properties"},{"id":null,"key":"CS_BatchContent_OnUpdateProperties_Help","value":"An event that is fired when the properties have been updated."},{"id":null,"key":"CS_Cancel","value":"Cancel"},{"id":null,"key":"CS_Class_Selector_Svc_Error","value":"Napaka storitve"},{"id":null,"key":"CS_Class_Selector_Svc_Error_Help","value":"Sproži se, ko je pri klicanju storitve vrnjena napaka."},{"id":null,"key":"CS_ContentListFilter_Cancel","value":"Cancel"},{"id":null,"key":"CS_ContentListFilter_Filter","value":"Filter"},{"id":null,"key":"CS_ContentListFilter_OnCanceFilter","value":"On cancel"},{"id":null,"key":"CS_ContentListFilter_OnCancelFilter_Help","value":"An event that is fired when the cancel button is clicked."},{"id":null,"key":"CS_ContentListFilter_OnFilter","value":"On filter"},{"id":null,"key":"CS_ContentListFilter_OnFilter_Help","value":"An event that is fired when the filter button is clicked."},{"id":null,"key":"CS_ContentListFilter_TypeName","value":"Type name"},{"id":null,"key":"CS_ContentListFilter_TypeName_Help","value":"Search object type."},{"id":null,"key":"CS_ContentList_AcceptFileTypes","value":"Accepted file types"},{"id":null,"key":"CS_ContentList_AcceptFileTypes_Help","value":"Specify the file type extensions that are allowed when adding new documents (for example, .dotx, .pdf, etc). When not specified, all file types are accepted."},{"id":null,"key":"CS_ContentList_Actions","value":"Dejanja"},{"id":null,"key":"CS_ContentList_AddButton","value":"Dodaj"},{"id":null,"key":"CS_ContentList_Advanced","value":"Napredno"},{"id":null,"key":"CS_ContentList_Behavior","value":"Vedenje"},{"id":null,"key":"CS_ContentList_Columns","value":"Stolpci"},{"id":null,"key":"CS_ContentList_Columns_Help","value":"Stolpci za prikaz na seznamu. Nastavite jih, če želite uporabiti lastnosti stolpcev po meri, sicer bo uporabljen privzeti nabor."},{"id":null,"key":"CS_ContentList_ConfigurationProperty","value":"Konfiguracijska lastnost"},{"id":null,"key":"CS_ContentList_ConfigurationProperty_Help","value":"Ime lastnosti, kjer bodo konfiguracijski podatki shranjeni v obliki zapisa JSON."},{"id":null,"key":"CS_ContentList_ConfigurationValues","value":"Konfiguracijske vrednosti"},{"id":null,"key":"CS_ContentList_ContentItems","value":"Postavke vsebine"},{"id":null,"key":"CS_ContentList_ContentItems_Help","value":"Seznam objektov CSDocument za prikaz. Lastnost ID je edina obvezna lastnost objektov dokumentov."},{"id":null,"key":"CS_ContentList_ControllerProperty","value":"Controller document property"},{"id":null,"key":"CS_ContentList_ControllerProperty_Help","value":"Name of the object value property in the document class that links to the batch controller."},{"id":null,"key":"CS_ContentList_DisableDnDAdd_Help","value":"Označite to nastavitev, da onemogočite dokumentov z vlečenjem in spuščanjem."},{"id":null,"key":"CS_ContentList_DisabledValues","value":"Onemogočene vrednosti"},{"id":null,"key":"CS_ContentList_DisabledValues_Help","value":"Podajte vrednosti lastnosti, za katere bodo dejanja postavk onemogočena."},{"id":null,"key":"CS_ContentList_DisplayProgressIndicator","value":"Prikaži indikator napredka pri dodajanju dokumentov"},{"id":null,"key":"CS_ContentList_DisplayProgressIndicator_Help","value":"Označite to možnost, da prikažete indikator napredka pri dodajanju dokumentov."},{"id":null,"key":"CS_ContentList_EnableSearchFilter","value":"Enable search filter"},{"id":null,"key":"CS_ContentList_EnableSearchFilter_Help","value":"Displays the search filter component for specifying multiple search parameters to query against and display the results in the list view."},{"id":null,"key":"CS_ContentList_Enable_Polling","value":"Omogoči pregledovanje za status dokumenta"},{"id":null,"key":"CS_ContentList_Enable_Polling_Help","value":"Ko je ta možnost nastavljena, se pregledovanje uporablja za posodobitev statusa dodanih dokumentov."},{"id":null,"key":"CS_ContentList_ExtraProperties","value":"Extra properties"},{"id":null,"key":"CS_ContentList_ExtraProperties_Help","value":"Specify additional properties that you want returned with the items in the results set."},{"id":null,"key":"CS_ContentList_Filter_Help","value":"=The property values are combined with an AND operator in the search filter."},{"id":null,"key":"CS_ContentList_Folder","value":"Mapa"},{"id":null,"key":"CS_ContentList_FolderId","value":"ID mape"},{"id":null,"key":"CS_ContentList_FolderId_Help","value":"Nastavite ID mape ali pot, da inicializirate seznam vsebine s podano vsebino mape. Nastavitev ID-ja mape ima prednost pred nastavitvami iskanja."},{"id":null,"key":"CS_ContentList_Height_Help","value":"The height of the content list view window."},{"id":null,"key":"CS_ContentList_HideAction_Help","value":"Preverite nastavitev dejanja, če želite odstraniti to dejanje s spustnega menija."},{"id":null,"key":"CS_ContentList_HideAddDialog","value":"Skrij pogovorno okno za dodajanja pri dodajanju dokumentov"},{"id":null,"key":"CS_ContentList_HideAddDialog_Help","value":"Ko je ta možnost izbrana in je konfigurirana ena sama vrsta dokumenta, so dokumenti dodani brez prikaza pogovornega okna Dodaj dokument."},{"id":null,"key":"CS_ContentList_HideAddDocument","value":"Skrij dodajanje dokumenta"},{"id":null,"key":"CS_ContentList_HideAddFolder","value":"Skrij dodajanje mape"},{"id":null,"key":"CS_ContentList_HideCancelCheckoutDoc","value":"Skrij preklic odjave dokumenta"},{"id":null,"key":"CS_ContentList_HideCheckoutDocument","value":"Skrij odjavo dokumenta"},{"id":null,"key":"CS_ContentList_HideCheckoutState","value":"Skrij stanje odjave"},{"id":null,"key":"CS_ContentList_HideCheckoutState_Help","value":"Izberite to možnost, da omogočite/onemogočite prikaz ikone stanja odjave."},{"id":null,"key":"CS_ContentList_HideDeleteDocument","value":"Skrij izbris dokumenta"},{"id":null,"key":"CS_ContentList_HideDeleteFolder","value":"Skrij izbris mape"},{"id":null,"key":"CS_ContentList_HideDownloadDocument","value":"Skrij prenos dokumenta"},{"id":null,"key":"CS_ContentList_HideEditDocument","value":"Skrij urejanje dokumenta"},{"id":null,"key":"CS_ContentList_HideEditDocumentProps","value":"Skrij urejanje lastnosti dokumenta"},{"id":null,"key":"CS_ContentList_HideEditFolderProps","value":"Skrij urejanje lastnosti mape"},{"id":null,"key":"CS_ContentList_HideRefresh","value":"Hide refresh"},{"id":null,"key":"CS_ContentList_HideRenameFolder","value":"Skrij preimenovanje mape"},{"id":null,"key":"CS_ContentList_HideSearchField","value":"Skrij iskalno polje"},{"id":null,"key":"CS_ContentList_HideSearchField_Help","value":"Ne prikažite iskalnega polja. Parametri iskanja so definirani v konfiguracijskih nastavitvah."},{"id":null,"key":"CS_ContentList_HideUploadNewVersionDoc","value":"Skrij nalaganje nove različice dokumenta"},{"id":null,"key":"CS_ContentList_HideViewDocument","value":"Skrij prikaz dokumenta"},{"id":null,"key":"CS_ContentList_IncludeTimeInDates","value":"Vključi lastnosti časa v datumu"},{"id":null,"key":"CS_ContentList_IncludeTimeInDates_Help","value":"Prikažite časovni del datumske vrednosti v lastnostnih stolpca."},{"id":null,"key":"CS_ContentList_InitialPageSize","value":"Prvotna velikost strani"},{"id":null,"key":"CS_ContentList_InitialPageSize_Help","value":"Velikost nabora rezultatov, vrnjenega za upodobitev na seznamu vsebine. Privzeta velikost strani je 20 postavk."},{"id":null,"key":"CS_ContentList_OnActionMenuOpen","value":"On action menu open"},{"id":null,"key":"CS_ContentList_OnActionMenuOpen_Help","value":"An event that is fired when the action menu is about to be opened. Passes a folder object with properties."},{"id":null,"key":"CS_ContentList_OnAdd","value":"Ob dodani vsebini"},{"id":null,"key":"CS_ContentList_OnAdd_Help","value":"Dogodek, ki se sproži ob dodajanju dokumenta ali mape. Posreduje objekt contentItem."},{"id":null,"key":"CS_ContentList_OnAllRowsSelected","value":"On all rows selected"},{"id":null,"key":"CS_ContentList_OnAllRowsSelected_Help","value":"This event is called when the user clicks on the Select All checkbox and the content list is in Multiselect mode. The passed parameter \"selected\" indicates whether all or none of the rows are selected."},{"id":null,"key":"CS_ContentList_OnContextMenuOpen","value":"Ob odpiranju kontekstnega menija"},{"id":null,"key":"CS_ContentList_OnContextMenuOpen_Help","value":"Dogodek, ki se sproži, ko bo kontekstni meni odprt. Posreduje vsebinski objekt z lastnostmi."},{"id":null,"key":"CS_ContentList_OnError","value":"Ob napaki"},{"id":null,"key":"CS_ContentList_OnError_Help","value":"Dogodek, ki je poslan v primeru napake storitve."},{"id":null,"key":"CS_ContentList_OnFileClicked","value":"Ob kliku datoteke"},{"id":null,"key":"CS_ContentList_OnFileClicked_Help","value":"Dogodek, ki se sproži, ko je v glavnem stolpcu izbran dokument. Posreduje objekt dokumenta z lastnostmi."},{"id":null,"key":"CS_ContentList_OnFolderClicked","value":"Ob kliku mape"},{"id":null,"key":"CS_ContentList_OnFolderClicked_Help","value":"Dogodek, ki se sproži, ko je v glavnem stolpcu izbrana mapa. Posreduje objekt mape z lastnostmi."},{"id":null,"key":"CS_ContentList_OnPollResults","value":"On poll results"},{"id":null,"key":"CS_ContentList_OnPollResults_Help","value":"Fired when a poll result containing document status is received."},{"id":null,"key":"CS_ContentList_OnResults","value":"Pri naloženih rezultatih"},{"id":null,"key":"CS_ContentList_OnResults_Help","value":"Dogodek, ki je poslan, ko se iz storitve vrnjeni rezultati. Posreduje seznam postavk, ki so bile upodobljene na seznamu vsebine."},{"id":null,"key":"CS_ContentList_OnRowSelected","value":"Ob izbrani vrstici"},{"id":null,"key":"CS_ContentList_OnRowSelected_Help","value":"Dogodek, ki se sproži, ko je izbrana vrstica z izbirnim gumbom ali potrditvenim poljem. Posreduje dodatni parameter: row (row.data.contentItem hrani dokument ali objekt mape z lastnostmi)."},{"id":null,"key":"CS_ContentList_Polling_Exit_Values","value":"Vrednosti lastnosti izhoda pregledovanja"},{"id":null,"key":"CS_ContentList_Polling_Exit_Values_Help","value":"Pregledovanje se bo ustavilo, ko je vrednost lastnosti dokumenta, ki je vrnjena iz pregledovanja, ena od konfiguriranih vrednosti."},{"id":null,"key":"CS_ContentList_Polling_Neg_Exit_Values","value":"Vrednosti lastnosti negativnega izhoda pregledovanja"},{"id":null,"key":"CS_ContentList_Polling_Neg_Exit_Values_Help","value":"Pregledovanje se bo ustavilo, ko vrednost lastnosti dokumenta, ki je vrnjena iz pregledovanja, NI ena od konfiguriranih vrednosti."},{"id":null,"key":"CS_ContentList_Resources","value":"Resources"},{"id":null,"key":"CS_ContentList_Resources_Help","value":"Set to an external resource bundle to pull in localized string resources for the column headers and the property list filter labels."},{"id":null,"key":"CS_ContentList_RootFolderName","value":"Ime korenske mape"},{"id":null,"key":"CS_ContentList_RootFolderName_Help","value":"Ime za prikaz korenske mape, ki je uporabljeno namesto imena mape v repozitoriju storitev vsebine."},{"id":null,"key":"CS_ContentList_Search","value":"Išči"},{"id":null,"key":"CS_ContentList_SearchFilterProperties","value":"Search filter properties"},{"id":null,"key":"CS_ContentList_SearchFilterProperties_Help","value":"Specify the set of properties you want to query against to populate the list view. The property values are combined with an AND operator in the search filter."},{"id":null,"key":"CS_ContentList_SearchFolderId","value":"Išči v ID-ju mape"},{"id":null,"key":"CS_ContentList_SearchFolderId_Help","value":"ID mape, v kateri se bo začelo iskanje. To je izbirna nastavitev, ki omeji iskanje na določeno mapo. Če ni nastavljena, se iskanje izvede v celotni shrambi objektov."},{"id":null,"key":"CS_ContentList_SearchFor","value":"Search for"},{"id":null,"key":"CS_ContentList_SearchFor_Help","value":"Search for document or folder items."},{"id":null,"key":"CS_ContentList_SearchOnlyFolder","value":"Išči samo v tej mapi"},{"id":null,"key":"CS_ContentList_SearchOnlyFolder_Help","value":"Ne vključite iskanja v podmapah."},{"id":null,"key":"CS_ContentList_SearchOperator","value":"Operator"},{"id":null,"key":"CS_ContentList_SearchOperator_Help","value":"Poizvedbeni operator, ki ga želite uporabiti, na primer Začne se z, Konča se z, Je enako kot, Ni enako kot, =, <, >, <>, >=, <= itd.)."},{"id":null,"key":"CS_ContentList_SearchProperty","value":"Lastnost iskanja"},{"id":null,"key":"CS_ContentList_SearchPropertyCardinality","value":"Kardinalnost lastnosti iskanja"},{"id":null,"key":"CS_ContentList_SearchPropertyCardinality_Help","value":"Podaja, ali je lastnost iskanja z eno ali več vrednostmi."},{"id":null,"key":"CS_ContentList_SearchPropertyType","value":"Išči vrsto storitve"},{"id":null,"key":"CS_ContentList_SearchPropertyType_Help","value":"Podatkovni tip podane lastnosti iskanja."},{"id":null,"key":"CS_ContentList_SearchProperty_Help","value":"Simbolično ime lastnosti, po katerem želite iskati."},{"id":null,"key":"CS_ContentList_SearchRootName","value":"Root search name"},{"id":null,"key":"CS_ContentList_SearchRootName_Help","value":"The root search display name to use on the breadcrumb."},{"id":null,"key":"CS_ContentList_SearchTextOptions","value":"Možnosti besedila"},{"id":null,"key":"CS_ContentList_SearchTextOptions_Help","value":"Konfigurirajte iskanje tako, da bo poleg podane iskanja lastnosti vključevalo tudi osnovno poizvedbo po vsebini."},{"id":null,"key":"CS_ContentList_SearchType","value":"Search type"},{"id":null,"key":"CS_ContentList_SearchType_Help","value":"Search for objects of a particular type."},{"id":null,"key":"CS_ContentList_SearchValue","value":"Privzeta vrednost"},{"id":null,"key":"CS_ContentList_SearchValue_Help","value":"Vrednost za iskanje. Če ostane prazna, lahko uporabniki vnesejo vrednost za priklic iskanja v času izvajanja."},{"id":null,"key":"CS_ContentList_SecondaryProperty","value":"State secondary property"},{"id":null,"key":"CS_ContentList_SecondaryProperty_Help","value":"Select a property to be used as a custom secondary state property."},{"id":null,"key":"CS_ContentList_SelectionMode","value":"Način izbiranja"},{"id":null,"key":"CS_ContentList_SelectionMode_Help","value":"Ena izbira, več izbir ali brez izbire."},{"id":null,"key":"CS_ContentList_ShowCustomState","value":"Pokaži stanje po meri"},{"id":null,"key":"CS_ContentList_ShowCustomState_Help","value":"Izberite to možnost, da omogočite/onemogočite prikaz ikone stanja po meri."},{"id":null,"key":"CS_ContentList_SortOrder","value":"Vrstni red razvrščanja"},{"id":null,"key":"CS_ContentList_SortOrder_Help","value":"Privzeta smer razvrščanja; naraščajoče ali padajoče."},{"id":null,"key":"CS_ContentList_SortProperty","value":"Razvrsti po lastnosti"},{"id":null,"key":"CS_ContentList_SortProperty_Help","value":"Izberite lastnost, ki jo želite uporabiti za razvrščanje nabora rezultatov."},{"id":null,"key":"CS_ContentList_StateProperty","value":"Lastnost stanja"},{"id":null,"key":"CS_ContentList_StateProperty_Help","value":"Izberite lastnost, ki bo uporabljena kot lastnost stanja po meri."},{"id":null,"key":"CS_ContentList_Status_Polling_Interval","value":"Interval pregledovanja statusa"},{"id":null,"key":"CS_ContentList_Status_Polling_Interval_Help","value":"Število sekund med zahtevami za pregledovanje za status dodanih dokumentov."},{"id":null,"key":"CS_ContentList_Status_Polling_Property","value":"Lastnost statusa pregledovanja"},{"id":null,"key":"CS_ContentList_Status_Polling_Property_Help","value":"Lastnost, ki je pregledana za pridobivanje statusa dodanih dokumentov."},{"id":null,"key":"CS_ContentList_Status_Polling_Timeout","value":"Polling timeout per document"},{"id":null,"key":"CS_ContentList_Status_Polling_Timeout_Help","value":"Number of seconds per document after which polling stops if an exit condition is not met."},{"id":null,"key":"CS_ContentList_TableRowHeight","value":"Višina vrstice tabele"},{"id":null,"key":"CS_ContentList_TableRowHeight_Help","value":"Nastavitev, uporabljena za podajanje višine vrstice tabele seznama vsebine."},{"id":null,"key":"CS_ContentList_Width_Help","value":"The width of the content list view window."},{"id":null,"key":"CS_ContentLlist_DisableDnDAdd","value":"Onemogoči dodajanje z vlečenjem in spuščanjem"},{"id":null,"key":"CS_ContentLlist_Polling_Neg_Exit_Values_Help","value":"Pregledovanje se bo ustavilo, ko vrednost lastnosti dokumenta, ki je vrnjena iz pregledovanja, NI ena od konfiguriranih vrednosti."},{"id":null,"key":"CS_ContentViewer_FitHeight","value":"Prilagodi višini"},{"id":null,"key":"CS_ContentViewer_FitWidth","value":"Prilagodi širini"},{"id":null,"key":"CS_ContentViewer_Height","value":"Višina"},{"id":null,"key":"CS_ContentViewer_OnLoad","value":"Pri nalaganju"},{"id":null,"key":"CS_ContentViewer_Width","value":"Širina"},{"id":null,"key":"CS_ContestList_MaxAddDocs_Help","value":"Določite največje število dokumentov, ki jih uporabniki lahko dodajo naenkrat. Največje privzeto število je 50, vendar ga lahko nastavite na največ 300."},{"id":null,"key":"CS_DeleteObject_OnDeleteObject","value":"On delete object"},{"id":null,"key":"CS_DeleteObject_OnDeleteObjectHelp","value":"An event that is fired after the object is deleted."},{"id":null,"key":"CS_DepDocPropertiesProperty","value":"Lastnost odvisnega dokumenta"},{"id":null,"key":"CS_DepDocPropertiesProperty_Help","value":"Simbolično ime lastnosti vrednosti objekta, ki kaže na dokument, ki vsebuje vrednosti JSON, ki bodo prikazane."},{"id":null,"key":"CS_DepDocumentProperties_OnError","value":"Ob napaki"},{"id":null,"key":"CS_DepDocumentProperties_OnError_Help","value":"Dogodek, ki se sproži, ko pri pridobivanju vrednosti lastnosti pride do napake."},{"id":null,"key":"CS_DocumentReference_AddDocMode","value":"Add document mode"},{"id":null,"key":"CS_DocumentReference_AddDocMode_Help","value":"Setting that controls the add document process. Select None for no add support, Add no UI will not display any ui and Add with properties will display the add document dialog."},{"id":null,"key":"CS_DocumentReference_AllowsActions","value":"Enable actions"},{"id":null,"key":"CS_DocumentReference_AllowsActions_Help","value":"Enables the drop down context menu of content management actions in the view component."},{"id":null,"key":"CS_DocumentReference_AllowsRemoveDoc","value":"Enable clear document"},{"id":null,"key":"CS_DocumentReference_AllowsRemoveDoc_Help","value":"Enables the clear document action in the view component. This action only clears the document from the view and does not delete it from the repository."},{"id":null,"key":"CS_DocumentReference_DocumentId","value":"Document ID"},{"id":null,"key":"CS_DocumentReference_DocumentId_Help","value":"The ID of the document you want to load into this view."},{"id":null,"key":"CS_DocumentReference_EnableTitleAction","value":"Enable title click action"},{"id":null,"key":"CS_DocumentReference_EnableTitleAction_Help","value":"Enables the document title text to be clickable and runs the first action in the context menu."},{"id":null,"key":"CS_DocumentReference_HelperText","value":"Helper text"},{"id":null,"key":"CS_DocumentReference_HelperText_Help","value":"Helper text displayed below the input field."},{"id":null,"key":"CS_DocumentReference_HintText","value":"Hint text"},{"id":null,"key":"CS_DocumentReference_HintText_Help","value":"Hint text to display in the field when no document is specified."},{"id":null,"key":"CS_DocumentReference_OnClear","value":"On clear"},{"id":null,"key":"CS_DocumentReference_OnClear_Help","value":"An event that is fired when the user invokes the clear action."},{"id":null,"key":"CS_DocumentReference_ViewMode","value":"View mode"},{"id":null,"key":"CS_DocumentReference_ViewMode_Help","value":"Set to Normal to see the document mime type and title, or set to Thumbnail to see the document thumbnail and title."},{"id":null,"key":"CS_Document_Classes","value":"Razredi dokumentov"},{"id":null,"key":"CS_Document_Classes_Help","value":"Nabor razredov dokumentov, ki se prikaže pri dodajanju novih dokumentov. Če ni nastavljen, so razredi dokumentov pridobljeni s strežnika. Imena, ki jih vnesete tukaj, so prikazana uporabniku, vrednosti pa ustrezajo simboličnemu imenu vsakega razreda mape."},{"id":null,"key":"CS_FileDropZone_AcceptFileTypes","value":"Accepted file types"},{"id":null,"key":"CS_FileDropZone_AcceptFileTypes_Help","value":"Specify the file types that the file drop zone will accept. The files types must be specified as file dot extension strings."},{"id":null,"key":"CS_FileDropZone_DetailMessage","value":"Detail message"},{"id":null,"key":"CS_FileDropZone_DetailMessage_Help","value":"Message string displayed above the file drop zone."},{"id":null,"key":"CS_FileDropZone_DocumentType","value":"Document type"},{"id":null,"key":"CS_FileDropZone_DocumentType_Help","value":"Document type to use when adding documents. If not set, the default Document type is used."},{"id":null,"key":"CS_FileDropZone_FolderId_Help","value":"Folder ID of the folder where the documents will be added. If not specified, the documents will be unfiled."},{"id":null,"key":"CS_FileDropZone_Height_Help","value":"The height of the file drop zone area."},{"id":null,"key":"CS_FileDropZone_MaxAddDoc","value":"Maximum number of documents to add"},{"id":null,"key":"CS_FileDropZone_MaxAddDoc_Help","value":"Specify the maximum number of documents that users can add at a time. The default maximum is 50."},{"id":null,"key":"CS_FileDropZone_MaxDocumentSize","value":"Max document size"},{"id":null,"key":"CS_FileDropZone_MaxDocumentSize_Help","value":"The maximum document size in KB allowed to be added. The size of 0 is unlimited."},{"id":null,"key":"CS_FileDropZone_Width_Help","value":"The width of the file drop zone area."},{"id":null,"key":"CS_Folder_Classes","value":"Razredi map"},{"id":null,"key":"CS_Folder_Classes_Help","value":"Nabor razredov map, ki se prikaže pri dodajanju novih map. Če ni nastavljen, so razredi pridobljeni s strežnika. Imena, ki jih vnesete tukaj, so prikazana uporabniku, vrednosti pa ustrezajo simboličnim imenom vsakega razreda mape."},{"id":null,"key":"CS_GetContent_OnContentReceived","value":"Ob prejeti vsebini"},{"id":null,"key":"CS_GetContent_OnContentReceived_Help","value":"Dogodek, ki se sproži, ko je bila vsebina dokumenta vrnjena v odgovoru."},{"id":null,"key":"CS_GetContent_OnGetClassAccess","value":"On get class access"},{"id":null,"key":"CS_GetContent_OnGetClassAccess_Help","value":"An event that is fired when the get class access response has returned."},{"id":null,"key":"CS_GetContent_OnPropertiesUpdated","value":"On properties updated"},{"id":null,"key":"CS_GetContent_OnPropertiesUpdated_Help","value":"An event that is fired when the properties have been retrieved and updated in the content item object."},{"id":null,"key":"CS_Height","value":"Height"},{"id":null,"key":"CS_Hide_Time_Picker","value":"Hide time picker when editing date and time values"},{"id":null,"key":"CS_Hide_Time_Picker_Help","value":"When set, hides the interface for editing the time portion of date and time values."},{"id":null,"key":"CS_Modal_OnCancel","value":"On cancel"},{"id":null,"key":"CS_Modal_OnCancel_Help","value":"An event that is fired when the user cancels out of a modal view."},{"id":null,"key":"CS_OK","value":"Ok"},{"id":null,"key":"CS_ObjectStoreName","value":"Ime shrambe predmetov"},{"id":null,"key":"CS_ObjectStoreName_Help","value":"Ime shrambe objektov iz skrbniškega orodja Acce."},{"id":null,"key":"CS_On_Class_Selected","value":"Ob izbranem razredu"},{"id":null,"key":"CS_On_Class_Selected_Help","value":"Dogodek, ki se sproži, ko uporabnik izbere razred."},{"id":null,"key":"CS_ProgressIndicator_OnClose","value":"On close"},{"id":null,"key":"CS_ProgressIndicator_OnClose_Help","value":"Fired when the progress indicator is closed."},{"id":null,"key":"CS_ProgressIndicator_OnFileRemoved","value":"On file removed"},{"id":null,"key":"CS_ProgressIndicator_OnFileRemoved_Help","value":"Fired when a pending file is removed from the progress indicator"},{"id":null,"key":"CS_PropertyList_Display_Edit","value":"Prikaži gumbe za urejanje vrednosti lastnosti"},{"id":null,"key":"CS_PropertyList_Display_Edit_Help","value":"Prikažite gumbe v orodni vrstici, ki uporabnikom omogočajo urejanje vrednosti lastnosti."},{"id":null,"key":"CS_PropertyPoller_OnError","value":"Ob napaki"},{"id":null,"key":"CS_PropertyPoller_OnError_Help","value":"Sproži se, ko je pri pregledovanju lastnosti pride do napake."},{"id":null,"key":"CS_PropertyPoller_OnResults","value":"On results"},{"id":null,"key":"CS_PropertyPoller_OnResults_Help","value":"Fired when results are received from a poll requests."},{"id":null,"key":"CS_PropertyPoller_OnStatus","value":"Ob vračilo informacij o lastnosti"},{"id":null,"key":"CS_PropertyPoller_OnStatus_Help","value":"Sproženo, ko so podatki vrnjeni iz pregledovanja strežnika za informacijami o lastnosti."},{"id":null,"key":"CS_Query_ExecuteOnChange","value":"Run search on change"},{"id":null,"key":"CS_Query_ExecuteOnChange_Help","value":"Runs the configured search when the view change event occurs in the component."},{"id":null,"key":"CS_Query_ExecuteOnView","value":"Execute search on view"},{"id":null,"key":"CS_Query_ExecuteOnView_Help","value":"Runs the configured search when the coach view event occurs in the component."},{"id":null,"key":"CS_Query_MaxResults","value":"Maximum results"},{"id":null,"key":"CS_Query_MaxResults_Help","value":"The maximum number of results to return from the query."},{"id":null,"key":"CS_Query_OnError","value":"On error"},{"id":null,"key":"CS_Query_OnError_Help","value":"Fired when an error occurs."},{"id":null,"key":"CS_Query_OnSearchResults","value":"On search results"},{"id":null,"key":"CS_Query_OnSearchResults_Help","value":"Fired when search results are returned from the server."},{"id":null,"key":"CS_Query_ResultProperties","value":"Result properties"},{"id":null,"key":"CS_Query_ResultProperties_Help","value":"Symbolic names of properties returned in the search results."},{"id":null,"key":"CS_Query_SearchValue","value":"Search values"},{"id":null,"key":"CS_Query_SearchValue_Help","value":"The values to search for."},{"id":null,"key":"CS_RepositoryId","value":"ID repozitorija"},{"id":null,"key":"CS_RepositoryId_Help","value":"ID repozitorija iz programa IBM Navigator. To vrednost uporablja prikazovalnik dokumentov."},{"id":null,"key":"CS_Save","value":"Save"},{"id":null,"key":"CS_SelectFiles","value":"Select Files"},{"id":null,"key":"CS_SummaryCard_Details","value":"Details"},{"id":null,"key":"CS_SummaryCard_Details_Help","value":"Displayed in the details section of the summary card."},{"id":null,"key":"CS_SummaryCard_DisplayHelpIcon","value":"Display help icon"},{"id":null,"key":"CS_SummaryCard_DisplayHelpIcon_Help","value":"When checked, displays a help icon in the card."},{"id":null,"key":"CS_SummaryCard_HelpLearnMoreUrl","value":"Help learn more URL"},{"id":null,"key":"CS_SummaryCard_HelpLearnMoreUrl_Help","value":"A link to Learn More information. When set, a button is displayed in the help tooltip that when clicked, displays the page specified in the link."},{"id":null,"key":"CS_SummaryCard_HelpText","value":"Help text"},{"id":null,"key":"CS_SummaryCard_HelpText_Help","value":"Either a message ID or text that is displayed in a tooltip when the user clicks the help icon."},{"id":null,"key":"CS_SummaryCard_OnClick","value":"On click"},{"id":null,"key":"CS_SummaryCard_OnClick_Help","value":"Fired when the summary card is clicked."},{"id":null,"key":"CS_SummaryCard_Title","value":"Title"},{"id":null,"key":"CS_SummaryCard_Title_Help","value":"Displayed as the title of the summary card."},{"id":null,"key":"CS_Upload","value":"Upload"},{"id":null,"key":"CS_UploadContent_OnContentAdded","value":"Ob dodani vsebini"},{"id":null,"key":"CS_UploadContent_OnContentAdded_Help","value":"Dogodek, ki se sproži, ko je vsebina uspešno naložena."},{"id":null,"key":"CS_UploadContent_OnError","value":"Ob napaki"},{"id":null,"key":"CS_UploadContent_OnError_Help","value":"Dogodek, ki se sproži, ko pri nalaganju vsebine pride do napake."},{"id":null,"key":"CS_UploadVersion_OnUploadVersion","value":"On upload version"},{"id":null,"key":"CS_UploadVersion_OnUploadVersionHelp","value":"An event that is fired when a new version of the document has been uploaded."},{"id":null,"key":"CS_Width","value":"Width"}]}