{"data":{"metadata":{"paId":"2066.bd3841e7-7c78-4b6b-aa2b-1f9cc91afc9a","paShortName":"SYSCST","snapshotId":"2064.91e0f284-0db5-4f27-994d-d0f601dabca4","snapshotName":"21.0.3.0.211129231416","name":"Content Services"},"defaults":{"entry":[{"type":"S","value":""},{"type":"B","value":false},{"type":"I","value":0},{"type":"D","value":0.0},{"type":"DT","value":null},{"type":"DT","value":null}]},"templates":{"variableTemplates":[{"modelId":"1.01635173-293f-46c0-85ab-14c23a7b1b81","parentId":"1.01635173-293f-46c0-85ab-14c23a7b1b81","variableTemplate":[{"id":"2055.d910b027-79b9-4108-81e7-c76256a2047d","name":"data","boTemplateName":"CSG"},{"id":"2055.768f15ba-d688-461f-8a8c-b43513a60cff","name":"results","boTemplateName":"A"},{"id":"2055.7c809beb-6367-4e27-8f00-3de1fb4048ee","name":"error","boTemplateName":"Aja"}]}],"boTemplate":[{"id":"12.d27d2c44-bc32-4695-966b-38756221f55c","name":"CSG","property":[{"name":"csrfToken","type":"S","isList":false},{"name":"serverAppResource","type":"S","isList":false},{"name":"repository","type":"S","isList":false},{"name":"versionSeriesId","type":"S","isList":false}]},{"id":"12.5551644c-3dc6-4161-a939-4e7f27f8ce45","name":"Aja","property":[{"name":"errorText","type":"S","isList":false},{"name":"errorCode","type":"S","isList":false},{"name":"serviceInError","type":"S","isList":false}]}]},"model":{"rootElement":[{"extensionElements":{"userTaskImplementation":[{"flowElement":[{"parallelMultiple":false,"outgoing":["2027.0b03a623-5e10-42f6-8261-f08efd3dc962"],"isInterrupting":true,"extensionElements":{"nodeVisualInfo":[{"color":"#F8F8F8","width":24,"x":50,"y":200,"declaredType":"TNodeVisualInfo","height":24}]},"name":"Start","declaredType":"startEvent","id":"d45fa962-e29f-4b67-85cc-b00636f393c3"},{"incoming":["2027.11345de4-05b3-4f55-825d-200d641016e7"],"extensionElements":{"nodeVisualInfo":[{"color":"#F8F8F8","width":24,"x":700,"y":200,"declaredType":"TNodeVisualInfo","height":24}],"navigationInstructions":[{"targetType":"Default","declaredType":"com.ibm.bpmsdk.model.bpmn20.ibmext.TNavigationInstructions"}]},"name":"End","declaredType":"endEvent","id":"d4e94faf-5def-4f7f-84f2-b77b2e180a8e"},{"targetRef":"2025.601d7690-626f-4d25-863f-0f88d73e8ce6","extensionElements":{"linkVisualInfo":[{"sourcePortLocation":"rightCenter","showCoachControlLabel":false,"labelPosition":0.0,"targetPortLocation":"leftCenter","declaredType":"TLinkVisualInfo","saveExecutionContext":false,"showLabel":false}]},"name":"Start to End","declaredType":"sequenceFlow","id":"2027.0b03a623-5e10-42f6-8261-f08efd3dc962","sourceRef":"d45fa962-e29f-4b67-85cc-b00636f393c3"},{"startQuantity":1,"outgoing":["2027.11345de4-05b3-4f55-825d-200d641016e7"],"incoming":["2027.0b03a623-5e10-42f6-8261-f08efd3dc962"],"default":"2027.11345de4-05b3-4f55-825d-200d641016e7","extensionElements":{"nodeVisualInfo":[{"width":95,"x":333,"y":177,"declaredType":"TNodeVisualInfo","height":70}]},"name":"Get Version Series","isForCompensation":false,"completionQuantity":1,"declaredType":"scriptTask","id":"2025.601d7690-626f-4d25-863f-0f88d73e8ce6","scriptFormat":"text/x-javascript","script":{"content":["console.debug(\"****BEGIN Script Get Version Series****\");\r\n\r\n//tw.system.disableAutoContinue = true;‌\r\ntw.system.waitForContinueFlow();\r\n\r\nvar serviceName =\"getVersionSeries\";\r\n\r\nvar csrfToken = tw.local.data && tw.local.data.csrfToken;\r\nvar appServerResource = tw.local.data && tw.local.data.serverAppResource;\r\nvar repository = tw.local.data && tw.local.data.repository;\r\nvar versionSeriesId = tw.local.data && tw.local.data.versionSeriesId; \r\n\r\nvar QUERY = \"{\" + \"\\n\" +\r\n\t\"versionSeries(\" + \"\\n\" +\r\n      \"repositoryIdentifier: \\\"\" + repository + \"\\\",\" + \"\\n\" +\r\n\t\"identifier: \\\"\" + versionSeriesId + \"\\\",\" + \"\\n\" +\r\n    \t\")\" + \"\\n\" + \r\n\t\"{\" + \"\\n\" +\r\n\t\t\"id\" + \"\\n\" +\r\n\t\t\"className\" + \"\\n\" +\r\n\t\t\"accessAllowed\" + \"\\n\" +\r\n\t\t\"isReserved\" + \"\\n\" +\r\n\t\t\"versions {\" + \"\\n\" +\r\n\t\t\t\"versionables {\" + \"\\n\" +\r\n\t\t\t\t\"id\" + \"\\n\" +\r\n\t\t\t\t\"name\" + \"\\n\" +\r\n\t\t\t\"}\" + \"\\n\" +\r\n\t\t\"}\" + \"\\n\" +\r\n\t\t\"currentVersion {\" + \"\\n\" +\r\n\t\t\t\"id\" + \"\\n\" +\r\n\t\t\t\"name\" + \"\\n\" +\r\n\t\t\"}\" + \"\\n\" +\r\n\t\t\"releasedVersion {\" + \"\\n\" +\r\n\t\t\t\"id\" + \"\\n\" +\r\n\t\t\t\"name\" + \"\\n\" +\r\n\t\t\"}\" + \"\\n\" +\r\n\t\t\"reservation {\" + \"\\n\" +\r\n\t\t\t\"id\" + \"\\n\" +\r\n\t\t\t\"creator\" + \"\\n\" +\r\n\t\t\"}\" + \"\\n\" +\r\n\t\"}\" + \"\\n\" +\r\n\"}\";\r\n\r\nconsole.debug(\"Calling lookupDBARegistry\");\r\ntw.system.lookupDBARegistry(appServerResource, function(response) {\r\n\r\n\tvar options = {\r\n\t\tmethod: \"POST\",\r\n\t\tpayload: {\r\n\t\t\tquery: QUERY,\r\n\t\t\tvariables: null,\r\n\t\t\toperationName: null\r\n\t\t},\r\n\t\theaders: {\r\n\t\t\t\"ECM-CS-XSRF-Token\": csrfToken,\r\n\t\t\tCookie: \"ECM-CS-XSRF-Token=\" + csrfToken,\r\n\t\t\t\"Accept-Language\": tw.system.user.locale\r\n\t\t}\r\n\t};\r\n\t\r\n\t// Add the context root and path if they are missing for backward compatibility\r\n\tif (!response.ctxRoot){\r\n\t\toptions.ctxRoot = \"/content-services-graphql\";\r\n\t}\r\n\tif (!response.path){\r\n\t\toptions.path = \"/graphql\";\r\n\t}\t\r\n\tconsole.debug(\"Options: \", options);\t\r\n\tconsole.debug(\"****PAYLOAD: \", QUERY);\r\n\tconsole.debug(\"****CALLING performRequest****\");\r\n\t\r\n\ttw.system.performRequest(appServerResource, options, function(response, httpStatus) {\r\n\t\r\n\t\tconsole.debug(\"performRequest response: \", response);\r\n\t\tconsole.debug(\"performRequest httpStatus: \", httpStatus);\r\n\r\n\t\tif (httpStatus.statusCode != 200){\r\n\t\t\ttw.local.error = {};\r\n\t\t\ttw.local.error.errorCode = httpStatus.statusCode;\r\n\t\t\ttw.local.error.errorText = response;\r\n\t\t\ttw.local.error.serviceInError = serviceName;\r\n\t\t}\r\n\t\telse {\r\n\t\t\tvar resultsJson = JSON.parse(response);\r\n\t\t\tif (resultsJson.errors) {\r\n\t\t\t\tvar error = resultsJson.errors[0];\r\n\t\t\t\ttw.local.error = {};\r\n\t\t\t\ttw.local.error.errorCode = error.extensions ? error.extensions.errorCode ?  error.extensions.errorCode : error.errorType : error.errorType;\r\n\t\t\t\ttw.local.error.errorText = error.extensions ? error.extensions.explanation ? error.extensions.explanation : error.message : error.message;\r\n\t\t\t\ttw.local.error.serviceInError = serviceName;\r\n\t\t\t} else {\r\n\t\t\t\tvar versionSeries = resultsJson.data.versionSeries;\r\n\t\t\t\t\r\n\t\t\t\tvar newObject = new Object();\r\n\t\t\t\tnewObject.id = versionSeries.id;\r\n\t\t\t\tnewObject.className = versionSeries.className;\r\n\t\t\t\tnewObject.accessAllowed = versionSeries.accessAllowed;\r\n\t\t\t\tnewObject.isReserved = versionSeries.isReserved;\r\n\t\t\t\tnewObject.versions = versionSeries.versions;\r\n\t\t\t\tnewObject.currentVersion = versionSeries.currentVersion;\r\n\t\t\t\tnewObject.releasedVersion = versionSeries.releasedVersion;\r\n\t\t\t\tnewObject.reservation = versionSeries.reservation;\r\n\r\n\t\t\t\ttw.local.results = {\r\n\t\t\t\t\tresults: newObject\r\n\t\t\t\t};\r\n\t\t\t}\r\n\t\t}\r\n\r\n\t\t// Signal to engine that flow can continue past this Script‌\r\n\t\ttw.system.continueFlow();\r\n\t\t\r\n\t}, function (err) {\r\n\t\tconsole.error(\"performRequest failed: \", err);\r\n\t\t\r\n\t\ttw.local.error = {};\r\n\t\ttw.local.error.errorCode = err.code ? err.code : err.errno ? err.errno : err.name;\r\n\t\ttw.local.error.errorText = err.message;\r\n\t\ttw.local.error.serviceInError = serviceName;\r\n\t\t\r\n\t\t// Signal to engine that flow can continue past this Script.\r\n\t\ttw.system.continueFlow();\r\n\t});\r\n}, function(err) {\r\n\tconsole.error(\"Error returned from lookupDBARegistry:\", err);\r\n\ttw.local.error = {};\r\n\ttw.local.error.errorCode = err.msg;\r\n\ttw.local.error.errorText = err.msg;\r\n\ttw.local.error.serviceInError = serviceName;\r\n\ttw.system.continueFlow();\r\n});\r\n\t\r\nconsole.debug(\"At the end of the script step pending response from Graphql\");\r\n"]}},{"targetRef":"d4e94faf-5def-4f7f-84f2-b77b2e180a8e","extensionElements":{"sequenceFlowImplementation":[{"fireValidation":"Never","sboSyncEnabled":true,"declaredType":"com.ibm.bpmsdk.model.bpmn20.ibmext.TSequenceFlowImplementation"}],"linkVisualInfo":[{"sourcePortLocation":"rightCenter","showCoachControlLabel":false,"labelPosition":0.0,"targetPortLocation":"leftCenter","declaredType":"TLinkVisualInfo","saveExecutionContext":true,"showLabel":false}]},"name":"To End","declaredType":"sequenceFlow","id":"2027.11345de4-05b3-4f55-825d-200d641016e7","sourceRef":"2025.601d7690-626f-4d25-863f-0f88d73e8ce6"}],"isClosed":false,"declaredType":"com.ibm.bpmsdk.model.bpmn20.ibmext.TUserTaskImplementation","id":"4913b464-ad39-4d8c-802a-bc0885167790","processType":"None"}]},"implementation":"##unspecified","documentation":[{"content":["Returns information about a document version series."],"textFormat":"text/plain"}],"name":"getVersionSeries","declaredType":"globalUserTask","id":"1.01635173-293f-46c0-85ab-14c23a7b1b81","ioSpecification":{"dataOutput":[{"itemSubjectRef":"itm.12.c09c9b6e-aabd-4897-bef2-ed61db106297","documentation":[{"content":["Set on success. Contains a partial Content Item representing the Version Series object. See the JavaScript API document for a description of Content Item."],"textFormat":"text/plain"}],"name":"results","isCollection":false,"id":"2055.768f15ba-d688-461f-8a8c-b43513a60cff"},{"itemSubjectRef":"itm.12.5551644c-3dc6-4161-a939-4e7f27f8ce45","documentation":[{"content":["Set on error. Contains information about why the call failed."],"textFormat":"text/plain"}],"name":"error","isCollection":false,"id":"2055.7c809beb-6367-4e27-8f00-3de1fb4048ee"}],"inputSet":[{}],"outputSet":[{}],"dataInput":[{"itemSubjectRef":"itm.12.d27d2c44-bc32-4695-966b-38756221f55c","name":"data","isCollection":false,"id":"2055.d910b027-79b9-4108-81e7-c76256a2047d"}]}}],"targetNamespace":"","typeLanguage":"http://www.w3.org/2001/XMLSchema","expressionLanguage":"http://www.ibm.com/xmlns/prod/bpm/expression-lang/javascript","id":"1.01635173-293f-46c0-85ab-14c23a7b1b81"}},"status":"200"}