{"data":{"metadata":{"paId":"2066.bd3841e7-7c78-4b6b-aa2b-1f9cc91afc9a","paShortName":"SYSCST","snapshotId":"2064.91e0f284-0db5-4f27-994d-d0f601dabca4","snapshotName":"21.0.3.0.211129231416","name":"Content Services"},"defaults":{"entry":[{"type":"S","value":""},{"type":"B","value":false},{"type":"I","value":0},{"type":"D","value":0.0},{"type":"DT","value":null},{"type":"DT","value":null}]},"templates":{"variableTemplates":[{"modelId":"1.044a311f-af83-46ba-9f47-7ea2c18e8655","parentId":"1.044a311f-af83-46ba-9f47-7ea2c18e8655","variableTemplate":[{"id":"2055.b4de4837-4b75-48fe-8872-e12fa653b10a","name":"data","boTemplateName":"CSG"},{"id":"2055.408be637-616d-4441-87bb-ecec712aa48f","name":"results","boTemplateName":"A"},{"id":"2055.e2962ee4-260e-40cf-821c-c8adfc018890","name":"error","boTemplateName":"Aja"}]}],"boTemplate":[{"id":"12.7664bc39-7899-4899-85eb-b04f36d2f277","name":"CSG","property":[{"name":"objectType","type":"S","isList":false},{"name":"isSearchable","type":"B","isList":false},{"name":"repository","type":"S","isList":false},{"name":"serverAppResource","type":"S","isList":false},{"name":"csrfToken","type":"S","isList":false}]},{"id":"12.5551644c-3dc6-4161-a939-4e7f27f8ce45","name":"Aja","property":[{"name":"errorText","type":"S","isList":false},{"name":"errorCode","type":"S","isList":false},{"name":"serviceInError","type":"S","isList":false}]}]},"model":{"rootElement":[{"extensionElements":{"userTaskImplementation":[{"flowElement":[{"parallelMultiple":false,"outgoing":["2027.22528af0-435c-40af-8790-dc8d27991c86"],"isInterrupting":true,"extensionElements":{"nodeVisualInfo":[{"color":"#F8F8F8","width":24,"x":50,"y":200,"declaredType":"TNodeVisualInfo","height":24}]},"name":"Start","declaredType":"startEvent","id":"5b38b990-20cc-4723-8ca0-06ceb045b118"},{"incoming":["2027.b4295390-485d-48bb-8858-afe81ff0dabf"],"extensionElements":{"nodeVisualInfo":[{"color":"#F8F8F8","width":24,"x":700,"y":200,"declaredType":"TNodeVisualInfo","height":24}],"navigationInstructions":[{"targetType":"Default","declaredType":"com.ibm.bpmsdk.model.bpmn20.ibmext.TNavigationInstructions"}]},"name":"End","declaredType":"endEvent","id":"dfc45ee6-71e1-403c-8cd4-698536af8c57"},{"targetRef":"2025.6c005040-d913-4763-807c-618ab7f7ec3d","extensionElements":{"linkVisualInfo":[{"sourcePortLocation":"rightCenter","showCoachControlLabel":false,"labelPosition":0.0,"targetPortLocation":"leftCenter","declaredType":"TLinkVisualInfo","saveExecutionContext":false,"showLabel":false}]},"name":"Start to End","declaredType":"sequenceFlow","id":"2027.22528af0-435c-40af-8790-dc8d27991c86","sourceRef":"5b38b990-20cc-4723-8ca0-06ceb045b118"},{"startQuantity":1,"outgoing":["2027.b4295390-485d-48bb-8858-afe81ff0dabf"],"incoming":["2027.22528af0-435c-40af-8790-dc8d27991c86"],"default":"2027.b4295390-485d-48bb-8858-afe81ff0dabf","extensionElements":{"nodeVisualInfo":[{"width":95,"x":321,"y":177,"declaredType":"TNodeVisualInfo","height":70}]},"name":"Get Property Descriptions","isForCompensation":false,"completionQuantity":1,"declaredType":"scriptTask","id":"2025.6c005040-d913-4763-807c-618ab7f7ec3d","scriptFormat":"text/x-javascript","script":{"content":["console.debug(\"****BEGIN Script Get Property Descriptions ****\");\r\n\r\n//tw.system.disableAutoContinue = true;‌\r\ntw.system.waitForContinueFlow();\r\n\r\nvar csrfToken = tw.local.data && tw.local.data.csrfToken;\r\nvar appServerResource = tw.local.data && tw.local.data.serverAppResource;\r\nvar repository = tw.local.data && tw.local.data.repository;\r\nvar objectType = tw.local.data && tw.local.data.objectType;\r\nvar isSearchable = tw.local.data && tw.local.data.isSearchable;\r\nvar includeHidden = tw.local.data && tw.local.data.includeHidden;\r\n\r\nif (objectType == \"Abstract\") {\r\n\tobjectType = \"CmAbstractPersistable\";\r\n}\r\n\r\nvar filter = \"\";\r\nif (!includeHidden) {\r\n\tfilter = \"isHidden:false\";\r\n}\r\nif (isSearchable) {\r\n\tif (!includeHidden) {\r\n\t\tfilter += \", isSearchable:true\";\r\n\t} else {\r\n\t\tfilter += \"isSearchable:true\";\r\n\t}\r\n}\r\n\r\nvar QUERY = \"{\" + \"\\n\" +\r\n\t\"classDescription(\" + \"\\n\" +\r\n      \"repositoryIdentifier: \\\"\" + repository + \"\\\",\" + \"\\n\" +\r\n\t\"identifier: \\\"\" + objectType + \"\\\",\" + \"\\n\" +\r\n\t\")\" + \"\\n\" +\r\n\t\"{\" + \"\\n\" +\r\n     \t\t\"id\" + \"\\n\" +\r\n     \t\t\"symbolicName\" + \"\\n\" +\r\n    \t\t\"displayName\" + \"\\n\" +\r\n     \t\t\"propertyDescriptions(filter:{\" + filter + \"}) {\" + \"\\n\" +\r\n       \t\t\"...propDescFieldsFragment\" + \"\\n\" +\r\n     \t\t\"}\" + \"\\n\" +\r\n     \t\t\"properSubclassPropertyDescriptions(filter:{\" + filter + \"}) {\" + \"\\n\" +\r\n       \t\t\"...propDescFieldsFragment\" + \"\\n\" +\r\n     \t\t\"}\" + \"\\n\" +\r\n   \t\"}\" + \"\\n\" +\r\n \"}\" + \"\\n\" +\r\n\r\n \"fragment propDescFieldsFragment on PropertyDescription {\" + \"\\n\" +\r\n\t\"id\" + \"\\n\" +\r\n\t\"symbolicName\" + \"\\n\" +\r\n\t\"displayName\" + \"\\n\" +\r\n\t\"descriptiveText\" + \"\\n\" +\r\n\t\"dataType\" + \"\\n\" +\r\n\t\"cardinality\" + \"\\n\" +\r\n\t\"isReadOnly\" + \"\\n\" +\r\n\t\"isSearchable\" + \"\\n\" +\r\n\t\"isOrderable\" + \"\\n\" +\r\n\t\"isHidden\" + \"\\n\" +\r\n\t\r\n\t\"... on PropertyDescriptionDateTime{\" + \"\\n\" +\r\n\t\t\"isDateOnly\" + \"\\n\" +\r\n\t\"}\" + \"\\n\" +\r\n\"}\";\r\n\r\nconsole.debug(\"Calling lookupDBARegistry\");\r\ntw.system.lookupDBARegistry(appServerResource, function(response) {\r\n\r\n\tvar options = {\r\n\t\tmethod: \"POST\",\r\n\t\tpayload: {\r\n\t\t\tquery: QUERY,\r\n\t\t\tvariables: null,\r\n\t\t\toperationName: null\r\n\t\t},\r\n\t\theaders: {\r\n\t\t\t\"ECM-CS-XSRF-Token\": csrfToken,\r\n\t\t\tCookie: \"ECM-CS-XSRF-Token=\" + csrfToken,\r\n\t\t\t\"Accept-Language\": tw.system.user.locale\r\n\t\t}\r\n\t};\r\n\t\r\n\t// Add the context root and path if they are missing for backward compatibility\r\n\tif (!response.ctxRoot){\r\n\t\toptions.ctxRoot = \"/content-services-graphql\";\r\n\t}\r\n\tif (!response.path){\r\n\t\toptions.path = \"/graphql\";\r\n\t}\t\r\n\tconsole.debug(\"Options: \", options);\t\r\n\tconsole.debug(\"****PAYLOAD: \", QUERY);\r\n\tconsole.debug(\"****CALLING performRequest****\");\r\n\t\r\n\ttw.system.performRequest(appServerResource, options, function(response, httpStatus) {\r\n\t\r\n\t\tconsole.debug(\"performRequest completed: \", response);\r\n\t\t\r\n\t\tvar results = [];\r\n\t\t\r\n\t\tvar resultsJson = JSON.parse(response);\r\n\t\tif (resultsJson.data && resultsJson.data.classDescription) {\r\n\t\t\tvar classDescription = resultsJson.data.classDescription;\r\n\t\t\t\r\n\t\t\tvar propertyDescriptions = classDescription.propertyDescriptions;\r\n\t\t\tpropertyDescriptions.forEach(function(propertyDescription) {\r\n\t\t\t\taddPropertyDescription(propertyDescription, results);\r\n\t\t\t});\r\n\r\n\t\t\tvar properSubclassPropertyDescriptions = classDescription.properSubclassPropertyDescriptions;\r\n\t\t\tproperSubclassPropertyDescriptions.forEach(function(propertyDescription) {\r\n\t\t\t\taddPropertyDescription(propertyDescription, results);\r\n\t\t\t});\r\n\t\t\r\n\t\t\tresults.sort(compare);\r\n\t\t\t\r\n\t\t\tvar resultSet = {\r\n\t\t\t\tresults: results\r\n\t\t\t};\r\n\t\t\t\r\n\t\t\ttw.local.results = resultSet;\r\n\t\t} else {\r\n\t\t\ttw.local.results = QUERY;\r\n\t\t}\r\n\t\t\r\n\t\t// Signal to engine that flow can continue past this Script‌\r\n\t\ttw.system.continueFlow();\r\n\t\t\r\n\t}, function (err) {\r\n\t\t\r\n\t\tconsole.error(\"performRequest failed: \", err);\r\n\r\n\t\ttw.local.error = JSON.stringify(err);\r\n\t\t\r\n\t\t// Signal to engine that flow can continue past this Script‌\r\n\t\ttw.system.continueFlow();\r\n\t});\r\n}, function(err) {\r\n\tconsole.error(\"Error returned from lookupDBARegistry:\", err);\r\n\ttw.local.error = {};\r\n\ttw.local.error.errorCode = err.msg;\r\n\ttw.local.error.errorText = err.msg;\r\n\ttw.local.error.serviceInError = serviceName;\r\n\ttw.system.continueFlow();\r\n});\r\n\r\nfunction addPropertyDescription(propertyDescription, results) {\r\n\tvar dataType = propertyDescription.dataType;\r\n\tif (dataType != \"OBJECT\" && dataType != \"BINARY\") {\r\n\t\tvar newObject = new Object();\r\n\t\tnewObject.id = propertyDescription.id;\r\n\t\tnewObject.symbolicName = propertyDescription.symbolicName;\r\n\t\tnewObject.displayName = propertyDescription.displayName;\r\n\t\tnewObject.descriptiveText = propertyDescription.descriptiveText;\r\n\t\tnewObject.dataType = propertyDescription.dataType;\r\n\t\tnewObject.cardinality = propertyDescription.cardinality;\r\n\t\tnewObject.isReadOnly = propertyDescription.isReadOnly;\r\n\t\tnewObject.isSearchable = propertyDescription.isSearchable;\r\n\t\tnewObject.isOrderable = propertyDescription.isOrderable;\r\n\t\tnewObject.isHidden = propertyDescription.isHidden;\r\n\t\tnewObject.isDateOnly = propertyDescription.isDateOnly;\r\n\t\r\n\t\tresults.push(newObject);\r\n\t}\r\n}\r\n\r\nfunction compare(a, b) {\r\n\treturn a.displayName.toUpperCase().localeCompare(b.displayName.toUpperCase());\r\n}\r\n\r\nconsole.debug(\"At the end of the script step pending response from Graphql\");\r\n"]}},{"targetRef":"dfc45ee6-71e1-403c-8cd4-698536af8c57","extensionElements":{"sequenceFlowImplementation":[{"fireValidation":"Never","sboSyncEnabled":true,"declaredType":"com.ibm.bpmsdk.model.bpmn20.ibmext.TSequenceFlowImplementation"}],"linkVisualInfo":[{"sourcePortLocation":"rightCenter","showCoachControlLabel":false,"labelPosition":0.0,"targetPortLocation":"leftCenter","declaredType":"TLinkVisualInfo","saveExecutionContext":true,"showLabel":false}]},"name":"To End","declaredType":"sequenceFlow","id":"2027.b4295390-485d-48bb-8858-afe81ff0dabf","sourceRef":"2025.6c005040-d913-4763-807c-618ab7f7ec3d"}],"isClosed":false,"declaredType":"com.ibm.bpmsdk.model.bpmn20.ibmext.TUserTaskImplementation","id":"327bd6d6-c758-4a71-897f-1918ea12aaa8","processType":"None"}]},"implementation":"##unspecified","documentation":[{"content":["Returns all the property definitions in the repository."],"textFormat":"text/plain"}],"name":"getPropertyDescriptions","declaredType":"globalUserTask","id":"1.044a311f-af83-46ba-9f47-7ea2c18e8655","ioSpecification":{"dataOutput":[{"itemSubjectRef":"itm.12.c09c9b6e-aabd-4897-bef2-ed61db106297","name":"results","isCollection":false,"id":"2055.408be637-616d-4441-87bb-ecec712aa48f"},{"itemSubjectRef":"itm.12.5551644c-3dc6-4161-a939-4e7f27f8ce45","name":"error","isCollection":false,"id":"2055.e2962ee4-260e-40cf-821c-c8adfc018890"}],"inputSet":[{}],"outputSet":[{}],"dataInput":[{"itemSubjectRef":"itm.12.7664bc39-7899-4899-85eb-b04f36d2f277","name":"data","isCollection":false,"id":"2055.b4de4837-4b75-48fe-8872-e12fa653b10a"}]}}],"targetNamespace":"","typeLanguage":"http://www.w3.org/2001/XMLSchema","expressionLanguage":"http://www.ibm.com/xmlns/prod/bpm/expression-lang/javascript","id":"1.044a311f-af83-46ba-9f47-7ea2c18e8655"}},"status":"200"}