{"data":{"metadata":{"paId":"2066.bd3841e7-7c78-4b6b-aa2b-1f9cc91afc9a","paShortName":"SYSCST","snapshotId":"2064.91e0f284-0db5-4f27-994d-d0f601dabca4","snapshotName":"21.0.3.0.211129231416","name":"Content Services"},"defaults":{"entry":[{"type":"S","value":""},{"type":"B","value":false},{"type":"I","value":0},{"type":"D","value":0.0},{"type":"DT","value":null},{"type":"DT","value":null}]},"templates":{"variableTemplates":[{"modelId":"1.6cb3e8bb-3512-4853-8eec-ab4600235a0f","parentId":"1.6cb3e8bb-3512-4853-8eec-ab4600235a0f","variableTemplate":[{"id":"2055.1d516f10-d267-48bb-8502-acf49d1c43f4","name":"data","boTemplateName":"CSG"},{"id":"2055.03099e34-f402-467b-820a-6e4a98d9ff7d","name":"results","boTemplateName":"A"},{"id":"2055.91a895c1-1e9d-49a4-8954-bfccddd58354","name":"error","boTemplateName":"Aja"}]}],"boTemplate":[{"id":"12.b7dc0119-4ab1-4028-a419-b0a6f574e540","name":"CSG","property":[{"name":"serverAppResource","type":"S","isList":false},{"name":"csrfToken","type":"S","isList":false},{"name":"token","type":"S","isList":false},{"name":"properties","type":"S","isList":true}]},{"id":"12.5551644c-3dc6-4161-a939-4e7f27f8ce45","name":"Aja","property":[{"name":"errorText","type":"S","isList":false},{"name":"errorCode","type":"S","isList":false},{"name":"serviceInError","type":"S","isList":false}]}]},"model":{"rootElement":[{"extensionElements":{"userTaskImplementation":[{"flowElement":[{"parallelMultiple":false,"outgoing":["2027.df4607df-27dc-471f-8c07-5da943aee890"],"isInterrupting":true,"extensionElements":{"nodeVisualInfo":[{"color":"#F8F8F8","width":24,"x":50,"y":200,"declaredType":"TNodeVisualInfo","height":24}]},"name":"Start","declaredType":"startEvent","id":"135e31c0-a291-4bf6-8d49-6ad969920a2c"},{"incoming":["2027.11ad67ef-ac85-4467-8635-60d6e764893b"],"extensionElements":{"nodeVisualInfo":[{"color":"#F8F8F8","width":24,"x":700,"y":200,"declaredType":"TNodeVisualInfo","height":24}],"navigationInstructions":[{"targetType":"Default","declaredType":"com.ibm.bpmsdk.model.bpmn20.ibmext.TNavigationInstructions"}]},"name":"End","declaredType":"endEvent","id":"6717c7a7-e7fd-4fd2-87dc-c18e7704edae"},{"targetRef":"2025.e621f606-ac37-467d-88ba-a0e5b75d0e47","extensionElements":{"linkVisualInfo":[{"sourcePortLocation":"rightCenter","showCoachControlLabel":false,"labelPosition":0.0,"targetPortLocation":"leftCenter","declaredType":"TLinkVisualInfo","saveExecutionContext":false,"showLabel":false}]},"name":"Start to End","declaredType":"sequenceFlow","id":"2027.df4607df-27dc-471f-8c07-5da943aee890","sourceRef":"135e31c0-a291-4bf6-8d49-6ad969920a2c"},{"startQuantity":1,"outgoing":["2027.11ad67ef-ac85-4467-8635-60d6e764893b"],"incoming":["2027.df4607df-27dc-471f-8c07-5da943aee890"],"default":"2027.11ad67ef-ac85-4467-8635-60d6e764893b","extensionElements":{"nodeVisualInfo":[{"width":95,"x":296,"y":177,"declaredType":"TNodeVisualInfo","height":70}]},"name":"Get More Documents","isForCompensation":false,"completionQuantity":1,"declaredType":"scriptTask","id":"2025.e621f606-ac37-467d-88ba-a0e5b75d0e47","scriptFormat":"text/x-javascript","script":{"content":["console.debug(\"****BEGIN Script Get More Documents****\");\r\n\r\n//tw.system.disableAutoContinue = true;‌\r\ntw.system.waitForContinueFlow();\r\n\r\nvar serviceName =\"getMoreDocuments\";\r\n\r\nvar csrfToken = tw.local.data && tw.local.data.csrfToken;\r\nvar appServerResource = tw.local.data && tw.local.data.serverAppResource;\r\nvar token = tw.local.data && tw.local.data.token;\r\nvar properties = tw.local.data && tw.local.data.properties;\r\n\r\nvar QUERY = \"{\" + \"\\n\" +\r\n      \"moreIndependentObjects(\" + \"\\n\" +\r\n\t    \"token: \\\"\" + token + \"\\\"\" + \"\\n\" +\r\n      \")\" + \"\\n\" +\r\n      \"{\" + \"\\n\" +\r\n\t    \"independentObjects {\" + \"\\n\" +\r\n\t        \"className\" + \"\\n\" +\r\n\t\t  \"... on Document {\" + \"\\n\" +\r\n\t\t\t\"name\" + \"\\n\" +\r\n\t\t\t\"id\" + \"\\n\" +\r\n\t\t\t\"mimeType\" + \"\\n\" +\r\n\t\t\t\"creator\" + \"\\n\" +\r\n\t\t      \"dateCreated\" + \"\\n\" +\r\n\t\t\t\"isReserved\" + \"\\n\" +\r\n\t\t\t\"reservation {\" + \"\\n\" +\r\n\t\t\t\t\"id\" + \"\\n\" +\r\n\t\t\t\t\"creator\" + \"\\n\" +\r\n\t\t\t\"}\" + \"\\n\" +\r\n\t\t\t\"accessAllowed\" + \"\\n\" +\r\n\t\t\t\"contentElements {\" + \"\\n\" +\r\n\t        \t\t\"elementSequenceNumber\" + \"\\n\" +\r\n\t      \t\t\t\"... on ContentTransfer {\" + \"\\n\" +\r\n\t        \t\t\t\"retrievalName\" + \"\\n\" +\r\n\t        \t\t\t\"downloadUrl\" + \"\\n\" +\r\n\t      \t\t\"}  \" + \"\\n\" +\r\n\t        \t\"}\" + \"\\n\" +\r\n\t        \t\"versionSeries {\" + \"\\n\" +\r\n\t\t\t\t\"id\" + \"\\n\" +\r\n\t\t\t\"}\" + \"\\n\" +\r\n\t\t\t\"cmThumbnails {\" + \"\\n\" +  \r\n\t\t         \"cmThumbnails {\" + \"\\n\" +  \r\n\t\t             \"id\" + \"\\n\" +  \r\n\t\t         \"}\" + \"\\n\" +  \r\n\t\t      \"}\" + \"\\n\" +  \r\n\t\t  \"}\" + \"\\n\" +\r\n\t        \"properties(includes: \";\r\n\t\r\n\t\t      var PROPS = \"[\";\r\n\t\t\tproperties.forEach(function(property) {\r\n  \t\t\t    PROPS += \"\\\"\" + property + \"\\\" \";\r\n\t\t\t});\r\n\t\t\tQUERY += PROPS += \"]\";\r\n\r\n\t\t\tQUERY += \") {\" + \"\\n\" +\r\n \t \t\t    \"id\" + \"\\n\" +\r\n        \t\t    \"label\" + \"\\n\" +\r\n          \t\t    \"type\" + \"\\n\" +\r\n          \t\t    \"cardinality\" + \"\\n\" +\r\n          \t\t    \"value\" + \"\\n\" +\r\n          \t\t    \"... on DateTimeProperty {\" + \"\\n\" +\r\n\t\t\t\t\t\"isDateOnly\" + \"\\n\" +\r\n\t    \t\t    \"}\" + \"\\n\" +\t\r\n\t\t\t    \"... on DateTimeListProperty {\" + \"\\n\" +\r\n\t\t\t\t\t\"isDateOnly\" + \"\\n\" +\r\n\t\t\t    \"}\" + \"\\n\" +\t        \t\t\r\n         \t\t\"}\" + \"\\n\" +\r\n\t        \"}\" + \"\\n\" +\r\n\t\t  \"pageInfo {\" + \"\\n\" +\r\n\t\t\t\"token\" + \"\\n\" +\r\n\t\t\t\"totalCount\" + \"\\n\" +\r\n\t\t  \"}\" + \"\\n\" +\r\n\t   \"}\" + \"\\n\" +\r\n    \"}\";\r\n\r\nconsole.debug(\"Calling lookupDBARegistry\");\r\ntw.system.lookupDBARegistry(appServerResource, function(response) {\r\n\r\n\tvar options = {\r\n\t\tmethod: \"POST\",\r\n\t\tpayload: {\r\n\t\t\tquery: QUERY,\r\n\t\t\tvariables: null,\r\n\t\t\toperationName: null\r\n\t\t},\r\n\t\theaders: {\r\n\t\t\t\"ECM-CS-XSRF-Token\": csrfToken,\r\n\t\t\tCookie: \"ECM-CS-XSRF-Token=\" + csrfToken,\r\n\t\t\t\"Accept-Language\": tw.system.user.locale\r\n\t\t}\r\n\t};\r\n\t\r\n\t// Add the context root and path if they are missing for backward compatibility\r\n\tif (!response.ctxRoot) {\r\n\t\toptions.ctxRoot = \"/content-services-graphql\";\r\n\t}\r\n\tif (!response.path) {\r\n\t\toptions.path = \"/graphql\";\r\n\t}\t\r\n\tconsole.debug(\"Options: \", options);\t\r\n\tconsole.debug(\"****PAYLOAD: \", QUERY);\r\n\tconsole.debug(\"****CALLING performRequest****\");\r\n\ttw.system.performRequest(appServerResource, options, function(response, httpStatus) {\r\n\t\r\n\t\tconsole.debug(\"performRequest response: \", response);\r\n\t\tconsole.debug(\"performRequest httpStatus: \", httpStatus);\r\n\r\n\t\tif (httpStatus.statusCode != 200) {\r\n\t\t\ttw.local.error = {};\r\n\t\t\ttw.local.error.errorCode = httpStatus.statusCode;\r\n\t\t\ttw.local.error.errorText = response;\r\n\t\t\ttw.local.error.serviceInError = serviceName;\r\n\t\t} else {\r\n\t\t\tvar results = [];\r\n\t\t\t\r\n\t\t\tvar resultsJson = JSON.parse(response);\r\n\t\t\tif (resultsJson.errors) {\r\n\t\t\t\tvar error = resultsJson.errors[0];\r\n\t\t\t\ttw.local.error = {};\r\n\t\t\t\ttw.local.error.errorCode = error.extensions ? error.extensions.errorCode ?  error.extensions.errorCode : error.errorType : error.errorType;\r\n\t\t\t\ttw.local.error.errorText = error.extensions ? error.extensions.explanation ? error.extensions.explanation : error.message : error.message;\r\n\t\t\t\ttw.local.error.serviceInError = serviceName;\r\n\t\t\t} else {\r\n\t\t\t\tvar moreResults = resultsJson.data.moreIndependentObjects;\r\n\t\t\t\tvar indObjects = moreResults.independentObjects;\r\n\t\t\t\r\n\t\t\t\tindObjects.forEach(function(indObject) {\r\n\t\t\t\t\tvar newItem = new Object();\r\n\t\t\t\r\n\t\t\t\t\tnewItem.name = indObject.name;\r\n\t\t\t\t\tnewItem.id = indObject.id;\r\n\t\t\t\t\tnewItem.className = indObject.className;\r\n\t\t\t\t\tnewItem.mimeType = indObject.mimeType;\r\n\t\t\t\t\tnewItem.isReserved = indObject.isReserved;\r\n\t\t\t\t\tnewItem.reservation = indObject.reservation;\r\n\t\t\t\t\tnewItem.accessAllowed = indObject.accessAllowed;\r\n\t\t\t\t\tnewItem.properties = indObject.properties;\r\n\t\t\t\t\tnewItem.contentElements = indObject.contentElements;\r\n\t\t\t\t\tnewItem.versionSeriesId = indObject.versionSeries.id;\r\n\t\t\t\t\tnewItem.cmThumbnails = indObject.cmThumbnails;\r\n\t\t\t\t\tnewItem.isFolder = false;\r\n\t\t\t\t\tnewItem.baseType = \"Document\";\r\n\t\t\t\t\t\r\n\t\t\t\t\tresults.push(newItem);\r\n\t\t\t\t});\r\n\t\t\t\t\r\n\t\t\t\tvar resultSet = {};\r\n\t\t\t\tresultSet.items = results;\r\n\t\t\t\t\r\n\t\t\t\tif (moreResults.pageInfo != null) {\r\n\t\t\t\t\tresultSet.totalCount = moreResults.pageInfo.totalCount;\r\n\t\t\t\t\tresultSet.token = moreResults.pageInfo.token;\r\n\t\t\t\t}\t\r\n\t\t\t\t\r\n\t\t\t\ttw.local.results = {\r\n\t\t\t\t\tresults: resultSet\r\n\t\t\t\t};\r\n\t\t\t}\r\n\t\t}\r\n\t\t// Signal to engine that flow can continue past this Script‌\r\n\t\ttw.system.continueFlow();\r\n\t}, function (err) {\r\n\t\tconsole.error(\"performRequest failed: \", err);\r\n\t\t\r\n\t\ttw.local.error = {};\r\n\t\ttw.local.error.errorCode = err.code ? err.code : err.errno ? err.errno : err.name;\r\n\t\ttw.local.error.errorText = err.message;\r\n\t\ttw.local.error.serviceInError = serviceName;\r\n\t\t\r\n\t\t// Signal to engine that flow can continue past this Script.\r\n\t\ttw.system.continueFlow();\r\n\t});\r\n}, function(err) {\r\n\tconsole.error(\"Error returned from lookupDBARegistry:\", err);\r\n\ttw.local.error = {};\r\n\ttw.local.error.errorCode = err.msg;\r\n\ttw.local.error.errorText = err.msg;\r\n\ttw.local.error.serviceInError = serviceName;\r\n\ttw.system.continueFlow();\r\n});\r\n\t\r\nconsole.debug(\"At the end of the script step pending response from Graphql\");"]}},{"targetRef":"6717c7a7-e7fd-4fd2-87dc-c18e7704edae","extensionElements":{"sequenceFlowImplementation":[{"fireValidation":"Never","sboSyncEnabled":true,"declaredType":"com.ibm.bpmsdk.model.bpmn20.ibmext.TSequenceFlowImplementation"}],"linkVisualInfo":[{"sourcePortLocation":"rightCenter","showCoachControlLabel":false,"labelPosition":0.0,"targetPortLocation":"leftCenter","declaredType":"TLinkVisualInfo","saveExecutionContext":true,"showLabel":false}]},"name":"To End","declaredType":"sequenceFlow","id":"2027.11ad67ef-ac85-4467-8635-60d6e764893b","sourceRef":"2025.e621f606-ac37-467d-88ba-a0e5b75d0e47"}],"isClosed":false,"declaredType":"com.ibm.bpmsdk.model.bpmn20.ibmext.TUserTaskImplementation","id":"a67de8f7-d0fb-40b6-89d5-cb9e4aef8a47","processType":"None"}]},"implementation":"##unspecified","documentation":[{"content":["Returns information about a set of documents. Called for subsequent pages after calling getDocuments."],"textFormat":"text/plain"}],"name":"getMoreDocuments","declaredType":"globalUserTask","id":"1.6cb3e8bb-3512-4853-8eec-ab4600235a0f","ioSpecification":{"dataOutput":[{"itemSubjectRef":"itm.12.c09c9b6e-aabd-4897-bef2-ed61db106297","documentation":[{"content":["<div>Set on success. Contains the a JSON object with the following properties:</div><div>{</div><div><span style=\"white-space:pre\">\t</span>items: The list of partial Content Items representing the documents. See the JavaScript API document for a description of Content Item.</div><div><span style=\"white-space:pre\">\t</span>totalCount: The total number of documents including those on other pages.</div><div><span style=\"white-space:pre\">\t</span>token: Paging token when there is more than one page of results.</div><div>}</div><div><br /></div>"],"textFormat":"text/plain"}],"name":"results","isCollection":false,"id":"2055.03099e34-f402-467b-820a-6e4a98d9ff7d"},{"itemSubjectRef":"itm.12.5551644c-3dc6-4161-a939-4e7f27f8ce45","documentation":[{"content":["Set on error. Contains information about why the call failed."],"textFormat":"text/plain"}],"name":"error","isCollection":false,"id":"2055.91a895c1-1e9d-49a4-8954-bfccddd58354"}],"inputSet":[{}],"outputSet":[{}],"dataInput":[{"itemSubjectRef":"itm.12.b7dc0119-4ab1-4028-a419-b0a6f574e540","name":"data","isCollection":false,"id":"2055.1d516f10-d267-48bb-8502-acf49d1c43f4"}]}}],"targetNamespace":"","typeLanguage":"http://www.w3.org/2001/XMLSchema","expressionLanguage":"http://www.ibm.com/xmlns/prod/bpm/expression-lang/javascript","id":"1.6cb3e8bb-3512-4853-8eec-ab4600235a0f"}},"status":"200"}