{"data":{"metadata":{"paId":"2066.bd3841e7-7c78-4b6b-aa2b-1f9cc91afc9a","paShortName":"SYSCST","snapshotId":"2064.91e0f284-0db5-4f27-994d-d0f601dabca4","snapshotName":"21.0.3.0.211129231416","name":"Content Services"},"defaults":{"entry":[{"type":"S","value":""},{"type":"B","value":false},{"type":"I","value":0},{"type":"D","value":0.0},{"type":"DT","value":null},{"type":"DT","value":null}]},"templates":{"variableTemplates":[{"modelId":"1.a4f5085a-f3fc-40c0-a4ac-d643c51193c9","parentId":"1.a4f5085a-f3fc-40c0-a4ac-d643c51193c9","variableTemplate":[{"id":"2055.58245716-8a52-45a8-bdcb-426eabcc2605","name":"data","boTemplateName":"CSA"},{"id":"2055.2013517d-ed32-43ba-8733-45cf7b5eb2fc","name":"results","boTemplateName":"A"},{"id":"2055.c2816b2d-5f2b-48ae-945c-23d2001f8628","name":"error","boTemplateName":"Aja"}]}],"boTemplate":[{"id":"12.baf17497-9ccc-4df9-9b73-6d30fae9bccc","name":"CSA","property":[{"name":"classId","type":"S","isList":false},{"name":"fileInFolderId","type":"S","isList":false},{"name":"properties","type":"S","isList":false},{"name":"repository","type":"S","isList":false},{"name":"serverAppResource","type":"S","isList":false},{"name":"csrfToken","type":"S","isList":false}]},{"id":"12.5551644c-3dc6-4161-a939-4e7f27f8ce45","name":"Aja","property":[{"name":"errorText","type":"S","isList":false},{"name":"errorCode","type":"S","isList":false},{"name":"serviceInError","type":"S","isList":false}]}]},"model":{"rootElement":[{"extensionElements":{"userTaskImplementation":[{"flowElement":[{"parallelMultiple":false,"outgoing":["2027.08bc2b86-ae83-4d66-9291-f0067c651f96"],"isInterrupting":true,"extensionElements":{"nodeVisualInfo":[{"color":"#F8F8F8","width":24,"x":50,"y":200,"declaredType":"TNodeVisualInfo","height":24}]},"name":"Start","declaredType":"startEvent","id":"a5bf7fd8-0779-4d8a-8ab3-ff50afe366c7"},{"incoming":["2027.4118770a-871a-4c64-b740-3ae08395bdda"],"extensionElements":{"nodeVisualInfo":[{"color":"#F8F8F8","width":24,"x":700,"y":200,"declaredType":"TNodeVisualInfo","height":24}],"navigationInstructions":[{"targetType":"Default","declaredType":"com.ibm.bpmsdk.model.bpmn20.ibmext.TNavigationInstructions"}]},"name":"End","declaredType":"endEvent","id":"aa2972c7-5936-495f-b895-c83f279b8e18"},{"targetRef":"2025.73ede318-7b59-49c5-9c92-cd572ee926b7","extensionElements":{"linkVisualInfo":[{"sourcePortLocation":"rightCenter","showCoachControlLabel":false,"labelPosition":0.0,"targetPortLocation":"leftCenter","declaredType":"TLinkVisualInfo","saveExecutionContext":false,"showLabel":false}]},"name":"Start to End","declaredType":"sequenceFlow","id":"2027.08bc2b86-ae83-4d66-9291-f0067c651f96","sourceRef":"a5bf7fd8-0779-4d8a-8ab3-ff50afe366c7"},{"startQuantity":1,"outgoing":["2027.4118770a-871a-4c64-b740-3ae08395bdda"],"incoming":["2027.08bc2b86-ae83-4d66-9291-f0067c651f96"],"default":"2027.4118770a-871a-4c64-b740-3ae08395bdda","extensionElements":{"nodeVisualInfo":[{"width":95,"x":337,"y":177,"declaredType":"TNodeVisualInfo","height":70}]},"name":"Add Folder","isForCompensation":false,"completionQuantity":1,"declaredType":"scriptTask","id":"2025.73ede318-7b59-49c5-9c92-cd572ee926b7","scriptFormat":"text/x-javascript","script":{"content":["console.debug(\"****BEGIN Script Add Folder****\");\r\n\r\ntw.system.waitForContinueFlow();\r\n\r\nvar serviceName =\"addFolder\";\r\n\r\nvar csrfToken = tw.local.data && tw.local.data.csrfToken;\r\nvar appServerResource = tw.local.data && tw.local.data.serverAppResource;\r\nvar repository = tw.local.data && tw.local.data.repository;\r\nvar classId = tw.local.data && tw.local.data.classId;\r\nvar fileInFolderId = tw.local.data && tw.local.data.fileInFolderId;\r\nvar properties = tw.local.data && tw.local.data.properties;\r\n\r\nvar QUERY = \"mutation {createFolder (\\\r\n\t\tclassIdentifier: \\\"\" + classId + \"\\\", \\\r\n\t\trepositoryIdentifier: \\\"\" + repository + \"\\\",\\\r\n\t\tfolderProperties: {\\\r\n\t\t\tproperties:\" + properties + \"\\\r\n\t\t\t\";\r\n\t\t\t\t\r\n\t\t\tif (fileInFolderId != null && fileInFolderId != \"\") {\r\n\t\t\t\tQUERY += \"parent: { identifier: \\\"\" + fileInFolderId + \"\\\"}\\\r\n\t\t\t\t\";\r\n\t\t\t}\r\n\t\t\t\t\r\n\t\tQUERY += \"}\\\r\n\t)\\\r\n\t{\\\r\n\t\tid\\\r\n\t\tproperties {\\\r\n\t\t\tid\\\r\n\t\t\ttype\\\r\n\t\t\tvalue\\\r\n\t\t}\\\r\n\t}\\\r\n}\";\r\n\r\n\r\n\r\nvar options = {\r\n\tmethod: \"POST\",\r\n\tpayload: {\r\n\t\tquery: QUERY,\r\n\t\tvariables: null,\t\r\n\t\toperationName: null\r\n\t},\r\n\theaders: {\r\n\t\t\"ECM-CS-XSRF-Token\": csrfToken,\r\n\t\tCookie: \"ECM-CS-XSRF-Token=\" + csrfToken,\r\n\t\t\"Accept-Language\": tw.system.user.locale\r\n\t}\r\n};\r\n\r\nconsole.debug(\"Calling lookupDBARegistry\");\r\ntw.system.lookupDBARegistry(appServerResource, function(response) {\r\n\r\n\tvar options = {\r\n\t\tmethod: \"POST\",\r\n\t\tpayload: {\r\n\t\t\tquery: QUERY,\r\n\t\t\tvariables: null,\r\n\t\t\toperationName: null\r\n\t\t},\r\n\t\theaders: {\r\n\t\t\t\"ECM-CS-XSRF-Token\": csrfToken,\r\n\t\t\tCookie: \"ECM-CS-XSRF-Token=\" + csrfToken,\r\n\t\t\t\"Accept-Language\": tw.system.user.locale\r\n\t\t}\r\n\t};\r\n\t\r\n\t// Add the context root and path if they are missing for backward compatibility\r\n\tif (!response.ctxRoot){\r\n\t\toptions.ctxRoot = \"/content-services-graphql\";\r\n\t}\r\n\tif (!response.path){\r\n\t\toptions.path = \"/graphql\";\r\n\t}\t\r\n\tconsole.debug(\"Options: \", options);\t\r\n\tconsole.debug(\"****PAYLOAD: \", QUERY);\r\n\tconsole.debug(\"****CALLING performRequest****\");\r\n\ttw.system.performRequest(appServerResource, options, function(response, httpStatus) {\r\n\r\n\t\tconsole.debug(\"performRequest response: \", response);\r\n\t\tconsole.debug(\"performRequest httpStatus: \", httpStatus);\r\n\r\n\t\tif (httpStatus.statusCode != 200){\r\n\t\t\ttw.local.error = {};\r\n\t\t\ttw.local.error.errorCode = httpStatus.statusCode;\r\n\t\t\ttw.local.error.errorText = response;\r\n\t\t\ttw.local.error.serviceInError = serviceName;\r\n\t\t}\r\n\t\telse {\r\n\t\t\tvar resultsJson = JSON.parse(response);\r\n\t\t\tif (resultsJson.errors) {\r\n\t\t\t\tvar error = resultsJson.errors[0];\r\n\t\t\t\ttw.local.error = {};\r\n\t\t\t\ttw.local.error.errorCode = error.extensions ? error.extensions.errorCode ?  error.extensions.errorCode : error.errorType : error.errorType;\r\n\t\t\t\ttw.local.error.errorText = error.extensions ? error.extensions.explanation ? error.extensions.explanation : error.message : error.message;\r\n\t\t\t\ttw.local.error.serviceInError = serviceName;\r\n\t\t\t} else {\r\n\t\t\t\ttw.local.results = {\r\n\t\t\t\t\tresults: {\r\n\t\t\t\t\t\tobjectId: resultsJson.data.createFolder.id,\r\n\t\t\t\t\t\tproperties: resultsJson.data.createFolder.properties\r\n\t\t\t\t\t}\r\n\t\t\t\t};\r\n\t\t\t}\r\n\t\t}\r\n\r\n\t\t// Signal to engine that flow can continue past this Script?\r\n\t\ttw.system.continueFlow();\r\n\t}, function (err) {\r\n\t\tconsole.error(\"performRequest failed: \", err);\r\n\t\t\r\n\t\ttw.local.error = {};\r\n\t\ttw.local.error.errorCode = err.code ? err.code : err.errno ? err.errno : err.name;\r\n\t\ttw.local.error.errorText = err.message;\r\n\t\ttw.local.error.serviceInError = serviceName;\r\n\t\t\r\n\t\t// Signal to engine that flow can continue past this Script.\r\n\t\ttw.system.continueFlow();\r\n\t});\r\n}, function(err) {\r\n\tconsole.error(\"Error returned from lookupDBARegistry:\", err);\r\n\ttw.local.error = {};\r\n\ttw.local.error.errorCode = err.msg;\r\n\ttw.local.error.errorText = err.msg;\r\n\ttw.local.error.serviceInError = serviceName;\r\n\ttw.system.continueFlow();\r\n});\r\n\r\n\r\nconsole.debug(\"At the end of the script step pending response from GraphQL\");"]}},{"targetRef":"aa2972c7-5936-495f-b895-c83f279b8e18","extensionElements":{"sequenceFlowImplementation":[{"fireValidation":"Never","sboSyncEnabled":true,"declaredType":"com.ibm.bpmsdk.model.bpmn20.ibmext.TSequenceFlowImplementation"}],"linkVisualInfo":[{"sourcePortLocation":"rightCenter","showCoachControlLabel":false,"labelPosition":0.0,"targetPortLocation":"leftCenter","declaredType":"TLinkVisualInfo","saveExecutionContext":true,"showLabel":false}]},"name":"To End","declaredType":"sequenceFlow","id":"2027.4118770a-871a-4c64-b740-3ae08395bdda","sourceRef":"2025.73ede318-7b59-49c5-9c92-cd572ee926b7"}],"isClosed":false,"declaredType":"com.ibm.bpmsdk.model.bpmn20.ibmext.TUserTaskImplementation","id":"2a387ca8-b2d0-405f-bcc3-d4af30d442fd","processType":"None"}]},"implementation":"##unspecified","documentation":[{"content":["Creates a new folder in the repository."],"textFormat":"text/plain"}],"name":"addFolder","declaredType":"globalUserTask","id":"1.a4f5085a-f3fc-40c0-a4ac-d643c51193c9","ioSpecification":{"dataOutput":[{"itemSubjectRef":"itm.12.c09c9b6e-aabd-4897-bef2-ed61db106297","documentation":[{"content":["<div>Set on success. Contains the following in a JSON object:</div><div>{</div><div><span style=\"white-space: pre;\">\t</span>objectId: The Id of the new folder.</div><div><span style=\"white-space: pre;\">\t</span>properties: Array of JSON objects listing properties in the new folder.</div><div>}</div>"],"textFormat":"text/plain"}],"name":"results","isCollection":false,"id":"2055.2013517d-ed32-43ba-8733-45cf7b5eb2fc"},{"itemSubjectRef":"itm.12.5551644c-3dc6-4161-a939-4e7f27f8ce45","documentation":[{"content":["Set on error. Contains information about why the call failed."],"textFormat":"text/plain"}],"name":"error","isCollection":false,"id":"2055.c2816b2d-5f2b-48ae-945c-23d2001f8628"}],"inputSet":[{}],"outputSet":[{}],"dataInput":[{"itemSubjectRef":"itm.12.baf17497-9ccc-4df9-9b73-6d30fae9bccc","documentation":[{"textFormat":"text/plain"}],"name":"data","isCollection":false,"id":"2055.58245716-8a52-45a8-bdcb-426eabcc2605"}]}}],"targetNamespace":"","typeLanguage":"http://www.w3.org/2001/XMLSchema","expressionLanguage":"http://www.ibm.com/xmlns/prod/bpm/expression-lang/javascript","id":"1.a4f5085a-f3fc-40c0-a4ac-d643c51193c9"}},"status":"200"}