{"data":{"metadata":{"paId":"2066.bd3841e7-7c78-4b6b-aa2b-1f9cc91afc9a","paShortName":"SYSCST","snapshotId":"2064.91e0f284-0db5-4f27-994d-d0f601dabca4","snapshotName":"21.0.3.0.211129231416","name":"Content Services"},"defaults":{"entry":[{"type":"S","value":""},{"type":"B","value":false},{"type":"I","value":0},{"type":"D","value":0.0},{"type":"DT","value":null},{"type":"DT","value":null}]},"templates":{"variableTemplates":[{"modelId":"1.ffc3406c-152a-4465-b081-09a6c2d53561","parentId":"1.ffc3406c-152a-4465-b081-09a6c2d53561","variableTemplate":[{"id":"2055.d0c0a43e-ba7b-4a9f-807d-71958d40332e","name":"data","boTemplateName":"CSC"},{"id":"2055.3a3a2698-a038-4b39-8516-6703f3099a2c","name":"results","boTemplateName":"A"},{"id":"2055.995514b6-f816-4b86-866f-814e5d28d0c6","name":"error","boTemplateName":"Aja"}]}],"boTemplate":[{"id":"12.2e427390-5bae-424c-a0c2-b75bf05aeea2","name":"CSC","property":[{"name":"documentId","type":"S","isList":false},{"name":"repository","type":"S","isList":false},{"name":"serverAppResource","type":"S","isList":false},{"name":"csrfToken","type":"S","isList":false}]},{"id":"12.5551644c-3dc6-4161-a939-4e7f27f8ce45","name":"Aja","property":[{"name":"errorText","type":"S","isList":false},{"name":"errorCode","type":"S","isList":false},{"name":"serviceInError","type":"S","isList":false}]}]},"model":{"rootElement":[{"extensionElements":{"userTaskImplementation":[{"flowElement":[{"parallelMultiple":false,"outgoing":["2027.9ab1f9fe-3f89-4ed6-8a5d-f17e32114e2f"],"isInterrupting":true,"extensionElements":{"nodeVisualInfo":[{"color":"#F8F8F8","width":24,"x":50,"y":200,"declaredType":"TNodeVisualInfo","height":24}]},"name":"Start","declaredType":"startEvent","id":"1d82a5e3-6c6b-40f0-8f4a-9b17adca04dd"},{"incoming":["2027.3604279c-f33b-4c27-85c4-4a219e514371"],"extensionElements":{"nodeVisualInfo":[{"color":"#F8F8F8","width":24,"x":700,"y":200,"declaredType":"TNodeVisualInfo","height":24}],"navigationInstructions":[{"targetType":"Default","declaredType":"com.ibm.bpmsdk.model.bpmn20.ibmext.TNavigationInstructions"}]},"name":"End","declaredType":"endEvent","id":"f8ac67f4-827d-4bae-8bbf-43a2ce0135cf"},{"targetRef":"2025.4896a6ac-8eea-4a7b-8415-50f9df5aad8b","extensionElements":{"linkVisualInfo":[{"sourcePortLocation":"rightCenter","showCoachControlLabel":false,"labelPosition":0.0,"targetPortLocation":"leftCenter","declaredType":"TLinkVisualInfo","saveExecutionContext":false,"showLabel":false}]},"name":"Start to End","declaredType":"sequenceFlow","id":"2027.9ab1f9fe-3f89-4ed6-8a5d-f17e32114e2f","sourceRef":"1d82a5e3-6c6b-40f0-8f4a-9b17adca04dd"},{"startQuantity":1,"outgoing":["2027.3604279c-f33b-4c27-85c4-4a219e514371"],"incoming":["2027.9ab1f9fe-3f89-4ed6-8a5d-f17e32114e2f"],"default":"2027.3604279c-f33b-4c27-85c4-4a219e514371","extensionElements":{"nodeVisualInfo":[{"width":95,"x":330,"y":177,"declaredType":"TNodeVisualInfo","height":70}]},"name":"Cancel Checkout","isForCompensation":false,"completionQuantity":1,"declaredType":"scriptTask","id":"2025.4896a6ac-8eea-4a7b-8415-50f9df5aad8b","scriptFormat":"text/x-javascript","script":{"content":["console.debug(\"****BEGIN Script Cancel Checkout****\");\r\n\r\n//tw.system.disableAutoContinue = true;‌\r\ntw.system.waitForContinueFlow();\r\n\r\nvar serviceName =\"cancelCheckout\";\r\n\r\nvar csrfToken = tw.local.data && tw.local.data.csrfToken;\r\nvar appServerResource = tw.local.data && tw.local.data.serverAppResource;\r\nvar repository = tw.local.data && tw.local.data.repository;\r\nvar documentId = tw.local.data && tw.local.data.documentId; \r\n\r\nvar QUERY = \"mutation {\" + \"\\n\" +\r\n\t\"cancelDocumentCheckout(\" + \"\\n\" +\r\n\t\t\"repositoryIdentifier: \\\"\" + repository + \"\\\",\" + \"\\n\" +\r\n    \t\t\"identifier: \\\"\" + documentId + \"\\\"\" + \"\\n\" +\r\n    \t\")\" + \"\\n\" + \r\n\t\"{\" + \"\\n\" +\r\n\t\t\"id\" + \"\\n\" +\r\n\t\"}\" + \"\\n\" +\r\n\"}\";\r\n\r\nvar CURRENT_VERSION_QUERY = \"{\" + \"\\n\" +\r\n\t\"document(\" + \"\\n\" +\r\n\t\t\"repositoryIdentifier: \\\"\" + repository + \"\\\",\" + \"\\n\" +\r\n\t\t\"identifier: \\\"\" + documentId + \"\\\"\" + \"\\n\" +\r\n\t\")\" + \"\\n\" +\r\n\t\"{\" + \"\\n\" +\r\n\t \t\"id\" + \"\\n\" +\r\n    \t\t\"name\" + \"\\n\" +\r\n    \t\t\"className\" + \"\\n\" +\r\n    \t\t\"properties{\" + \"\\n\" +\r\n\t\t\t\"id\" + \"\\n\" +\r\n\t\t\t\"label\" + \"\\n\" +\r\n\t\t\t\"type\" + \"\\n\" +\r\n\t\t\t\"value\" + \"\\n\" +\r\n    \t\t\"}\" + \"\\n\" +\r\n\t\"}\" + \"\\n\" +\r\n\"}\";\r\n\r\nconsole.debug(\"Calling lookupDBARegistry\");\r\ntw.system.lookupDBARegistry(appServerResource, function(response) {\r\n\r\n\tvar options = {\r\n\t\tmethod: \"POST\",\r\n\t\tpayload: {\r\n\t\t\tquery: QUERY,\r\n\t\t\tvariables: null,\r\n\t\t\toperationName: null\r\n\t\t},\r\n\t\theaders: {\r\n\t\t\t\"ECM-CS-XSRF-Token\": csrfToken,\r\n\t\t\tCookie: \"ECM-CS-XSRF-Token=\" + csrfToken,\r\n\t\t\t\"Accept-Language\": tw.system.user.locale\r\n\t\t}\r\n\t};\r\n\t\r\n\t// Add the context root and path if they are missing for backward compatibility\r\n\tif (!response.ctxRoot){\r\n\t\toptions.ctxRoot = \"/content-services-graphql\";\r\n\t}\r\n\tif (!response.path){\r\n\t\toptions.path = \"/graphql\";\r\n\t}\t\r\n\tconsole.debug(\"Options: \", options);\t\r\n\tconsole.debug(\"****PAYLOAD: \", QUERY);\r\n\tconsole.debug(\"****CALLING performRequest****\");\r\n\ttw.system.performRequest(appServerResource, options, function(response, httpStatus) {\r\n\t\r\n\t\tconsole.debug(\"performRequest for cancel checkout completed: \", response);\r\n\t\tconsole.debug(\"performRequest httpStatus for cancel checkout: \", httpStatus);\r\n\t\t\r\n\t\tif (httpStatus.statusCode != 200){\r\n\t\t\ttw.local.error = {};\r\n\t\t\ttw.local.error.errorCode = httpStatus.statusCode;\r\n\t\t\ttw.local.error.errorText = response;\r\n\t\t\ttw.local.error.serviceInError = serviceName;\r\n\t\t\t\r\n\t\t\t// Signal to engine that flow can continue past this Script‌\r\n\t\t\ttw.system.continueFlow();\r\n\t\t} else {\r\n\t\t\tvar resultsJson = JSON.parse(response);\r\n\t\t\tif (resultsJson.errors) {\r\n\t\t\t\tvar error = resultsJson.errors[0];\r\n\t\t\t\ttw.local.error = {};\r\n\t\t\t\ttw.local.error.errorCode = error.extensions ? error.extensions.errorCode ?  error.extensions.errorCode : error.errorType : error.errorType;\r\n\t\t\t\ttw.local.error.errorText = error.extensions ? error.extensions.explanation ? error.extensions.explanation : error.message : error.message;\r\n\t\t\t\ttw.local.error.serviceInError = serviceName;\r\n\t\t\t\t\r\n\t\t\t\t// Signal to engine that flow can continue past this Script‌\r\n\t\t\t\ttw.system.continueFlow();\r\n\t\t\t}\r\n\t\t\telse {\r\n\t\t\t\tvar data = resultsJson.data;\r\n\t\t\t\t\r\n\t\t\t\tif (data.cancelDocumentCheckout) {\t\r\n\t\t\t\t\t// Use a second query to get information about the current version.\r\n\t\t\t\t\toptions.payload.query = CURRENT_VERSION_QUERY;\r\n\t\t\t\t\tconsole.debug(\"****PAYLOAD: \", CURRENT_VERSION_QUERY);\r\n\t\t\t\t\tconsole.debug(\"****CALLING performRequest for currentVersion****\");\r\n\t\t\t\t\ttw.system.performRequest(appServerResource, options, function(response, httpStatus) {\r\n\r\n\t\t\t\t\t\tconsole.debug(\"performRequest completed for current version query: \", response);\r\n\t\t\t\t\t\tconsole.debug(\"performRequest httpStatus for current version query: \", httpStatus);\r\n\t\t\t\t\t\t\r\n\t\t\t\t\t\tif (httpStatus.statusCode != 200){\r\n\t\t\t\t\t\t\ttw.local.error = {};\r\n\t\t\t\t\t\t\ttw.local.error.errorCode = httpStatus.statusCode;\r\n\t\t\t\t\t\t\ttw.local.error.errorText = response;\r\n\t\t\t\t\t\t\ttw.local.error.serviceInError = serviceName;\r\n\t\t\t\t\t\t} else {\t\t\t\t\t\r\n\t\t\t\t\t\t\tvar resultsJson = JSON.parse(response);\r\n\t\t\t\t\t\t\tif (resultsJson.errors) {\r\n\t\t\t\t\t\t\t\tvar error = resultsJson.errors[0];\r\n\t\t\t\t\t\t\t\ttw.local.error = {};\r\n\t\t\t\t\t\t\t\ttw.local.error.errorCode = error.extensions ? error.extensions.errorCode ?  error.extensions.errorCode : error.errorType : error.errorType;\r\n\t\t\t\t\t\t\t\ttw.local.error.errorText = error.extensions ? error.extensions.explanation ? error.extensions.explanation : error.message : error.message;\r\n\t\t\t\t\t\t\t\ttw.local.error.serviceInError = serviceName;\r\n\t\t\t\t\t\t\t}\r\n\t\t\t\t\t\t\telse {\r\n\t\t\t\t\t\t\t\tvar data = resultsJson.data;\t\r\n\t\t\t\t\t\t\t\tvar newObject = new Object();\r\n\t\t\t\t\t\t\t\tvar currentVersion = data.document;\r\n\t\t\t\t\t\t\t\tnewObject.isFolder = false;\r\n\t\t\t\t\t\t\t\tnewObject.name = currentVersion.name;\r\n\t\t\t\t\t\t\t\tnewObject.id = currentVersion.id;\r\n\t\t\t\t\t\t\t\tnewObject.className = currentVersion.className;\r\n\t\t\t\t\t\t\t\tnewObject.properties = currentVersion.properties;\r\n\t\t\t\t\t\t\t\t\r\n\t\t\t\t\t\t\t\ttw.local.results = {\r\n\t\t\t\t\t\t\t\t\tresults: newObject\r\n\t\t\t\t\t\t\t\t};\r\n\t\t\t\t\t\t\t}\r\n\t\t\t\t\t\t}\r\n\t\t\t\t\t\t\r\n\t\t\t\t\t\t// Signal to engine that flow can continue past this Script‌\r\n\t\t\t\t\t\ttw.system.continueFlow();\r\n\t\t\t\t\t}, function (err) {\r\n\t\t\t\t\t\tconsole.error(\"performRequest failed for get current version: \", err);\r\n\t\t\r\n\t\t\t\t\t\ttw.local.error = {};\r\n\t\t\t\t\t\ttw.local.error.errorCode = err.code ? err.code : err.errno ? err.errno : err.name;\r\n\t\t\t\t\t\ttw.local.error.errorText = err.message;\r\n\t\t\t\t\t\ttw.local.error.serviceInError = serviceName;\r\n\t\t\r\n\t\t\t\t\t\t// Signal to engine that flow can continue past this Script?\r\n\t\t\t\t\t\ttw.system.continueFlow();\r\n\t\t\t\t\t});\r\n\t\t\t\t}\r\n\t\t\t}\r\n\t\t}\r\n\t\t\r\n\t}, function (err) {\r\n\t\tconsole.error(\"performRequest failed for cancel checkout: \", err);\r\n\t\t\r\n\t\ttw.local.error = {};\r\n\t\ttw.local.error.errorCode = err.code ? err.code : err.errno ? err.errno : err.name;\r\n\t\ttw.local.error.errorText = err.message;\r\n\t\ttw.local.error.serviceInError = serviceName;\r\n\t\t\r\n\t\t// Signal to engine that flow can continue past this Script?\r\n\t\ttw.system.continueFlow();\r\n\t});\r\n}, function(err) {\r\n\tconsole.error(\"Error returned from lookupDBARegistry:\", err);\r\n\ttw.local.error = {};\r\n\ttw.local.error.errorCode = err.msg;\r\n\ttw.local.error.errorText = err.msg;\r\n\ttw.local.error.serviceInError = serviceName;\r\n\ttw.system.continueFlow();\r\n});\r\n\t\r\nconsole.debug(\"At the end of the script step pending response from Graphql\");"]}},{"targetRef":"f8ac67f4-827d-4bae-8bbf-43a2ce0135cf","extensionElements":{"sequenceFlowImplementation":[{"fireValidation":"Never","sboSyncEnabled":true,"declaredType":"com.ibm.bpmsdk.model.bpmn20.ibmext.TSequenceFlowImplementation"}],"linkVisualInfo":[{"sourcePortLocation":"rightCenter","showCoachControlLabel":false,"labelPosition":0.0,"targetPortLocation":"leftCenter","declaredType":"TLinkVisualInfo","saveExecutionContext":true,"showLabel":false}]},"name":"To End","declaredType":"sequenceFlow","id":"2027.3604279c-f33b-4c27-85c4-4a219e514371","sourceRef":"2025.4896a6ac-8eea-4a7b-8415-50f9df5aad8b"}],"isClosed":false,"declaredType":"com.ibm.bpmsdk.model.bpmn20.ibmext.TUserTaskImplementation","id":"2b16b390-9c1d-4dee-828d-6bcbbebf80e0","processType":"None"}]},"implementation":"##unspecified","documentation":[{"content":["<div>Cancels the checkout of a document.</div><div><br /></div>"],"textFormat":"text/plain"}],"name":"cancelCheckout","declaredType":"globalUserTask","id":"1.ffc3406c-152a-4465-b081-09a6c2d53561","ioSpecification":{"dataOutput":[{"itemSubjectRef":"itm.12.c09c9b6e-aabd-4897-bef2-ed61db106297","documentation":[{"content":["Set on success. Contains partial Content Item object with information about the current version of the document. See the JavaScript API document for a description of Content Item."],"textFormat":"text/plain"}],"name":"results","isCollection":false,"id":"2055.3a3a2698-a038-4b39-8516-6703f3099a2c"},{"itemSubjectRef":"itm.12.5551644c-3dc6-4161-a939-4e7f27f8ce45","documentation":[{"content":["Set on error. Contains information about why the call failed."],"textFormat":"text/plain"}],"name":"error","isCollection":false,"id":"2055.995514b6-f816-4b86-866f-814e5d28d0c6"}],"inputSet":[{}],"outputSet":[{}],"dataInput":[{"itemSubjectRef":"itm.12.2e427390-5bae-424c-a0c2-b75bf05aeea2","name":"data","isCollection":false,"id":"2055.d0c0a43e-ba7b-4a9f-807d-71958d40332e"}]}}],"targetNamespace":"","typeLanguage":"http://www.w3.org/2001/XMLSchema","expressionLanguage":"http://www.ibm.com/xmlns/prod/bpm/expression-lang/javascript","id":"1.ffc3406c-152a-4465-b081-09a6c2d53561"}},"status":"200"}